,nickname,score,review,stay_date
0,하하하,50,서울 중심가에 있어 교통이 매우 편리하다. 바로 지하철역 앞에 있으면 버스 정류장도 많다. 깨끗하고 친절하고 강력추천이다.,2021-07-01
1,jelee,40,근처에 독립문이나 돈의문 박물관등이 있어 숙박을 했는데 청와대뷰로 아이들이 너무 좋아했어요 몇년전에 왔을때 보다는 조금은 노후된 부분이 눈에 띄기는 하지만 침구는 편하고 좋습니다 코로나로 수영장 있는 호텔은 포기하고 욕조에서라도 물놀이하고 편하게 쉬다가 갑니다,2021-07-01
2,Gaogaiger,50,신라스테이 저렴한 가격에 조식까지 먹고 체크아웃도 2시까지 너무 즐거운 호캉스였습니다 서대문 신라스테이 즐겁게 투숙햇오요,2021-07-01
3,영식 윤,50,오랜만에 남편과 호캉스를 왔어요. 쾌적하고 편안하네요. 재방문의사 있습니다. 지하철에서 정말 가까워서 교통이 편리합니다. 조식도 만족합니다.,2021-07-01
4,정환 천,50,지하철 역 바로 앞이라 접근성이 좋고 룸 컨디션도 좋습니다. Staff의 친절도도 좋습니다. 시내에서 접근 가능한 수준있는 비즈니스 호텔 이라는 점에서 점수를 주고 싶습니다.,2021-07-01
5,sojin,50,남자친구 생일이라 방문했는데 방문객들이 많아서 체크인이 20분 정도 걸려서 오래 걸리긴 했지만 룸 컨디션도 좋고 가성비도 좋았어요,2021-07-01
6,Junghwa,50,룸컨디션좋고 이벤트로 곰인형도 받았어요. 전망도 좋은데 창문이 더러워서 상쾌하게 보이진않아요. 프론트가 바빠서인지 룸에서 전화연결이 쉽지않네요.,2021-07-01
7,euna l,50,언제나 좋네요. 너무 친절하시고 시원하고 쾌적하고 뷰도 좋고 좋습니다 겨통도 좋고 주변에 맛집도 많아요. 추천해드립니다.,2021-07-01
8,dayoung,40,휴무를 맞이해 더운 날씨를 피하고자 엄마와 함께 방문해서 편히 쉬다 갑니다! 깔끔하고 편안해 다음에 또 방문하겠습니다 감사합니다,2021-07-01
9,리하 양,50,일단 처음 들어갔을 때 좋은향이 나서 좋았어요. 금연방이라서 확실히 관리가 잘 되는것 같았습니다. 그리고 전체적으로 청소상태도 깔끔해서 사용하기 편했습니다 :),2021-07-01
10,bella,50,"추천합니다 깔끔하고 정리가 잘되어 있습니다
비즈니스로 묵기에 좋으며 신라스테이는 조식도 맛있는 편입니다.
매우 추천합니다",2021-06-01
11,혜주 박,40,"잘쉬다가요!편안하고 청결했어요!
재이용하고싶습니다! 혼자와도 좋고 다음에는 가족들과 와서 더큰방이용과 다양한시설도 이용하고싶어요!",2021-06-01
12,재웅 편,50,깔끔하고 직원분들도 친철하세요! 아침에 조식도 신청했는데 메뉴도 많고 맛있네요. 역 바로 앞이라 교통편도 좋고 담에 또 올것같아요,2021-06-01
13,Yun,50,"청결도, 시설, 식사, 대응까지 모두 좋았습니다.
주차는 발렛이라 다소 불편하지만, 친절한 응대가 좋았습니다.
재방문의사 있습니다.",2021-06-01
14,강문승,50,2주간 머물면서 직원들의 친절한응대로 편히 머물다 갑니다. 욕조객실과 요청사항 반영해주셔서 고맙습니다. 또 방문할 만큼 만족하고 돌아갑니다,2021-06-01
15,Uri,30,오후 3시부터 체크인할수있다고 기재되어있어 오전 9시에 짐만 숙소에 맡기러 왔고 여자 직원 두분이 근무 중이시었습니다. 두분중 상대적으로 키가 크고 여자분이 설문지작성 후에 오라하여 짐이 있지만 힘겹게 작성하여 들고가니 보관하고 있다가 추후 입실할때 갖고오라하네요. 저도 서비스업에 종사하지만 지금 당장 필요한 서류가 아님에도 무엇때문에 방문했는지 물어보지도 않은채 상대방을 배려하고자하는 마음이 전혀 없는 직원 태도에 첫인상이 좋지않았습니다. 저 말고는 다른 고객은 카운터에 없음에도 불만이 가득한채 컴퓨터 자판기를 부셔버릴듯 두들기는 모습 또한 신라스테이호텔 이미지에 부합하지않는다 생각됩니다. 책임감없는 직원의 모습에 재방문은 망설여지네요.,2021-06-01
16,kinjd5622,40,깔끔하고 심플한 룸이 좋았습니다. 지하철역 바로 앞이라 대중 교통이용도 편리합니다. 광화문권역은 도보로 모두 이동 가능합니다.,2021-06-01
17,김형관,50,"청결하고 항상 최고의 휴식을 제공합니다. 잠자리가 편안하고 어메니티 테라피도 최고예요.
단, 일회용면도기 제공이 안되는 점은 아쉽네요.",2021-06-01
18,승규 최,50,컨디션도 좋고 맘에 드네요. 특히 투 고 조식이 있는것이 참 좋았습니다. 앞으로도 계속 발전하는 신라스테이가 되길 바랍니다,2021-06-01
19,dkfma0657,50,"신라스테이 다른지점보다 좁기는 하지만 대중교통으로 이동할 수있는곳이 많아서 아주 좋아요~
많이 시끄럽지않고 푹 쉴수 있어요",2021-06-01
20,Eassr,30,"좋아요 문이 너무 쎄게 닫혀서 그 소리가 좀 큰게 단점이예요
지하철역이랑도 가깝고 욕실 침대 깔끔해서 다 좋아요
냉장고도 시원하진 않아요",2021-06-01
21,Junyoung Park,50,주말에 조용한 지역이고 근처에 덕수궁 산책가기도 좋았어용~~ 합리적인 가격에 편안히 쉬고 갑니다 담에 또올게용! 시청이랑도 가까워서 맛집도 많네염,2021-06-01
22,이정태,50,"백신접종패키지로 예약했는데 조식포함 평일에는 얼리체크인 레이트체크아웃혜택까지. 침구는 너무나 편안하고 자주 신라스테이 방문하지만 서대문은 가성비가뛰어난 지점이라고할수있습니다.

체크인할때 사람들이 몰려서 로비가 복잡하긴한데 카카오톡으로 체크인순서알려주는거 좋은아이디어같습니다.
피트니스에서 조용히 운동하고 맛있는 조식 그래서 건강해지는느낌을 받고 갑니다.

교통이 너무 편리하고 근처에 편의시설이많아서 부족함이 없는 곳같습니닼",2021-05-01
23,zer0min,50,"생일 기념으로 방문했어요
직원의 응대가 매우 친절합니다.
룸 컨디션도 양호했어요.
와인잔과 오프너 대여가능하고 다른 커트러리는 대여가 불가능해요
조식도 맛있습니다. 한식이 조금 적은데 저희는 한식을 크게 선호하지 않아서 오히려 더 좋았어요.
비용을 조금 더 지불하더라도 고층 디럭스룸에서 서울의 도시와 자연환경을 함께 즐겨보길 추천해요",2021-06-01
24,Mitch,50,"서울 시내에서 합리적인 가격으로 깔끔한 공간에 만족스럽게 머물 수 있습니다😊
교통도 편리하고 시티뷰도 좋습니다.
방음도 잘 되는 편이고 엘리베이터가 여러 대여서 오래 기다리지 않아도 됩니다.
식당은 크진 않지만 간단히 조식을 먹을 수 있고, 직원분들이 친절합니다.",2021-05-01
25,june,50,좋았어요! 깔끔하구 친절하셨구요 방안에도 깨끗했어요. 높은층으로 주셔가지고 야경도 구경하고 멋있었네요 잘 쉬다 갑니다,2021-06-01
26,Hpwll,50,"3인이 묵었는데 공간에 대한 불편함 없이 잘 묵었습니다.
어메니티와 기타 비품이 매우 잘 갖춰져 있으며 직원분들이 매우 상냥하게 응대해주셨습니다.
감사합니다 :)",2021-06-01
27,Yunkyung,50,"뷰도 좋고 좋았습니다~
호캉스 즐기기 좋아요
쿠폰도 다양하고 가성비 좋은 숙소였습니다
주변에 맛집은 별로 없어 아쉬웠어요",2021-06-01
28,아둘맘,50,"호텔주변으로 편의시설이쫘악 깔아져 있네요
숙소도 편하고 좋네요
시설도 다른곳과 비교해도 손색이 없네요
침대도 편하구요
추천합니다",2021-06-01
29,대왕문어,50,"출장와서 트윈룸에 하룻밤 있었습니다. 전에도 여기에서 묵었는데, 군더더기없이 깔끔합니다. 창문을 열면 자동차 소음이 있지만, 다 닫고 암막커튼을 치면 시간을 모를 정도로 조용합니다. 청소상태는 완벽합니다. 무료 업그레이드 해주어서 넓은 방을 썼습니다. 잘 쉬다 갑니다.",2021-05-01
30,은희 류,50,밤 늦게 체크인 하는데 빠르고 위치도 찾기 편해서 다음에도 재투숙 의향 있습니다. 직원분들도 친절하고 주차비도 저렴해서 좋았어요.,2021-05-01
31,Okkeun,50,"체크인도 빠르게 이뤄지고, 직원분들도 친절하며 무엇보다도 위치가 서대문역 바로 앞이라 너무 편리하고 좋아요. 객실도 깔끔하고 욕실도 맘에 들어서 다음에도 투숙하고 싶습니다!",2021-05-01
32,혜림 전,50,"저렴한 가격에 잘 쉬다 갑니다.
높은층으로 주셔서 뷰도 좋구 근처에 먹거리가 풍부해
너무 좋았습니다.
단점이라면 폼클렌징이랑 샤워볼이 없습니다.
크흠 그거 빼고는 좋았습니다.",2021-05-01
33,Okyeon Yi,50,오늘같이 하늘이 탁트인 날 진가를 발휘하는 교통 요지 중저가 숙소 15층에 산이 보이면 26층은 앞을 가로막는 공공건물 너머로 트이겠지요 아마?,2021-05-01
34,Joe,40,"혼자 생각 정리할 겸 왔어요
혼자 지내기에 불편함이 없었습니다
다음에도 또 방문할 것 같아요
좋은 자리 감사합니다
참고로 19층 배정받았어요",2021-05-01
35,종하 황,50,"부처님 오신 날 주변 더풍년 횟집에서 식사하고 체크인했어요
몇 달만에 왔는데 여전히 룸 컨디션 쾌적하고 배려받는 서비스와
다음날 간단한 조식을 즐기고 출근할 수 있었어요
조만간 또 갈게요^^",2021-05-01
36,annajj2018,50,일단 서대문역 바로 앞에 있어서 광화문이든 종로든 놀러가기 정말 좋습니다. 뷰도 시티뷰라 좋고요. 시설도 세련되었고 가격 또한 매우 합리적인 비즈니스 호텔입니다!,2021-05-01
37,곽민수,50,"서울출장을 다니면서 여러 호텔에 묵었다가 서대문쪽으로 출장오면서 신라스테이 서대문지점에 묵었다. 객실은 한 두명이 쉬기에 적당한 사이즈였고 사무업무에 집중하기 좋은 분위기였다.

특히 가격면에서 가성비가 상당한데 이 가격으로 이정도 뷰를 보게될줄은 몰랐다. 평일에 갔었는데 직원분들이 굉장히 친절했고 스탠다드객실이었는데 평일 오전이고 고층안내를 받아서 디럭스로 무료로 업그레이드를 도와주셨다.

덕분에 좋은뷰에서 기분좋은 출장을 마쳤고 체크아웃할때도 알아봐주시며 반갑게 인사해주셔서 가는길까지 즐거웠다.",2021-05-01
38,Kimhansol,50,모던한 분위기의 갈색 인테리어가 마음에 듭니다. 출장시 한번씩 이용하는데 가격도 그렇고 부담없이 편하게 지내다 가는 비지니스 호텔입니다.,2021-05-01
39,BroPark,50,"서울에 이틀동안 비즈니스로 와서 묵고갑니다
객실도 편했고 무엇보다 뷰가 좋네요
식당도 맛있었고 직원분들도 친절합니다",2021-05-01
40,Kim,40,"서울 도심에서 가깝고 룸이 작긴하지만, 합리적인 금액에
역시 신라라는 말이 아깝지않게 깔끔했습니다.
덕분에 잘 이용하고 갑니다.",2021-04-01
41,Hyung-Joo K,40,"비즈니스 출장에 최적화된 호텔입니다.
1) 여의도, 광화문, 마곡, 김포공항 등 주요 비즈니스 거점들을 통과하는 지하철 5호선 바로 앞이라서 위치가 매우 좋고
2) 룸 청결도나 비품, 간단한 식사 시설 등도 적당히 잘 갖춰져 있습니다.
다만, 방 크기가 예상보다 많이 작아서 그 부분은 조금 아쉽네요.",2021-04-01
42,지선 정,50,호텔못지않은 룸컨디션이에요~~~넘좋고 자주 이용하려구요^^ 가격도 저렴하고 좋아요 주말엔 이용객들이 엄청많더라구요~~!! 또이용할게요,2021-04-01
43,Beom Seok H,50,"비즈니스 호텔인만큼 사이즈가 크진않지만
있을 거 다있고 전체적으로 깔끔합니다.
어메니티가 아베다인점이 마음에 들고
도심 역 바로 옆인데도 불구하고 가격도 비싸지 않은편",2021-04-01
44,KIMGWANGBEUM,50,"후론트 예약부터 안내까지 너무너무 친철하십니다.
감사한마음 소중히 간직하겠습니다.다시한번 감사하고맙습니다.다음에도 꼭들리겠습니다.",2021-04-01
45,Bang sj,40,"청결 : 좋음
식당 : 보통(코로나로 인해 인원제한 및 안내직원이 부족)
방음 : 나쁨
전망 : 좋음(케바케)
프런트 : 매우 친절
주차 : 약간 불편(기계식 및 주차비 따로 있음)

종합 : 본인이 일박정도는 무난히 지낼만 하나, 누군가에게 숙박제공하기 위한 장소로는 조금 아쉬움이 남는다.",2021-04-01
46,Gold age,40,"혼자 쉬고 싶어 방문
전체적으로 컨디션 좋은 방
깨끗한 침구

반식용 후 영화 2편
조식 후 아침 낮잠 후 레이트체크아웃까지
주말투숙하여 편히 잘 쉬다감",2021-04-01
47,H.w,40,"신라스테이는 객실 음식 다 기본이상은 하니까 처음방문이지만 걱정없이 왔어요. 만족하구요.
근처 먹거리볼거리가 많아서 좋아요
가족들 오기에도 가성비 좋은 호텔입니다",2021-04-01
48,Yanio,50,"관리가 잘 되고 있었고 컨시어지도 친절합니다
냉난방이 약간 잘안되긴하지만 청결하고 침구 상태도 좋습니다
주차는 퇴실시 5000원발생하네요",2021-04-01
49,June,50,"직원들이 친절하시고 이 위치에 편하게 쉴 수 있다는게 놀랐습니다. 다만 시설(화장실 샤워부스, 침대위 전등) 수리 필요합니다",2021-04-01
50,DOYEON PARK,40,"위치도 나쁘지 않고, 호텔 공간도 깔끔하고 샤워키트도 좋고~ 직원분들도 친절해서 좋다. 그래서 다른곳 갈까 고민해도 결국 돈 더쓰더라도 여기로 예약하는 듯 ㅎㅎ

+주차요금 5천원...
+맛있는 뷔페 할인까지...ㅋㅋㅋㅋ
숙박하러 왔다가 끼니까지 해결~ 돈이 돈을 부르네?

아쉬운점...
투숙객 중 점심 뷔페 이용자 레이트체크아웃 좀 해주면 좋을듯 ㅠㅠ",2021-04-01
51,JEONG HYUN,50,서울에 볼일이 있어 숙소를 찾던 중 신라스테이를 접하게되었습니다. 다들 만족도가 높아 이번 기회에 이용하게 되었어요. 숙소도 너무 깔끔하고 조식도 맛있고 대체적으로 매우 만족스럽습니다^^,2021-04-01
52,원정 최,50,"첫 숙박인데 아이와도 좋은 숙박하고갑니다.
병원이랑도 가까워서 앞으로도 자주 이용할 것 같아요.
넘좋아요~~깔끔하구요 ㅎㅎ",2021-04-01
53,Lee,40,"근처 인왕산 등산하고 통인시장 구경할겸 예약했어요.
남대문, 익선동 등 다 가깝고 지하철역 바로 앞에 위치해있어 접근성은 너무 좋네요 ㅎㅎ
청소상태도 전반적으로 깔끔합니다. 다만 화장실 타일에 물때가 껴있던데 이 부분은 좀 더 신경써서 관리하시면 좋을 것 같아요.",2021-04-01
54,장은서,50,"좋아여ㅎㅎㅎㅎㅎ 편안하게 쉬다가 갑니당 ㅠㅠㅠㅠ
깨끗한 객실 감사합니다
어매니티도 좋아영 ㅎㅎ
잘 쉬다 가여~~~~~~~~ㅎㅎㅎㅎㅎㅎㅎ",2021-03-01
55,Hyunjeong Jang,50,"지하철에서 나오자마자 위치 좋은 곳에 있어요. 객실
깨끗하고 욕실 비품 다 비치되어 있습니다.
다만 휴대폰 충전기 대여 서비스는 없고",2021-03-01
56,PMY,50,근처 비슷한 숙박 가격대의 다른 호텔들은 아예 주차장이 없거나 혹은 너무 떨어져있거나 유료주차비가 비싼편이다. 여기도 작년초만해도 안받았던것 같은데 이제 5000원씩 받는다. 그럼에도 근처 다른 호텔들에 비하면 주차비가 저렴한 편이며 게다가 발렛이니 편하다. 업무를 볼 사람은 스탠다드타입은 비추천한다. 책상이라기 보다는 작은 원형테이블이며 의자가 아닌 소파라서 일하기엔 자세가 영 불편하다. 주차 편하고 씻는데 불편함 없고 깨끗하고 괜찮은 베딩에서 잠 푹 자는게 중요한 사람에게 가성비 최고의 호텔이다.,2021-03-01
57,이인욱,50,"정말 위치도 좋고, 직원분들도 친절하시고 침대도 푹신하고 전체적으로 다 만족합니다! 방도 엄청 깨끗해서 너무 좋았어요. 다음에도 방문하고 싶은 의사가 있습니다",2021-03-01
58,Dokyung Kim,50,건물은 노후해보이지만 실내는 굉장히 쾌적하고 좋습니다. 침구류도 아주 깔끔하고 잘 정돈되어있어서 하룻밤 묵기에 최적입니다.,2021-03-01
59,Jeong,30,머물어서 뷰는 좋았어요. 그런데 이외 물 추가나 대여 서비스가 조금 아쉬웠어요. 방 크기는 적당한 편이었고 티브이 크기는 작았습니다.,2021-03-01
60,Inlee S,50,친구랑 그냥 정동길 돌아다니며 놀고 쉬려고 예약했는데 기대 이상입니다. 일단 매우 깨끗하고 욕조도 있어서 좋아요. 다음에 또 올거에요.,2021-03-01
61,영제 최,50,원래 신라스테이 체인 호텔들을 좋아하는데 서대문 지점은 깔끔한건 당연하고 위치가 지하철역 바로 앞이라 너무 좋네요. 어메니티도 깔끔하고 직원분들도 너무친절해요.,2021-03-01
62,lily,50,"직원분들도 친절하시고 혼자, 또는 커플끼리 지내기 너무 좋은것 같아요!
층수도 높은층으로 배정해주셨고, 조용하고 깔끔합니다",2021-03-01
63,EUNHYE CHOI,50,"저렴한 가격에 깔끔하고 깨끗한 곳이에요.
2박인데도 평일이라 그런지 너무 가격이 좋아요.
사진엔 욕조가 없었는데 체크인 할 때 욕조가 있는 곳으로 달라고 말씀 드리니 욕조 있는 방으로 주셨어요.
전체적으로 깔끔하고 침대도 무척 편하네요.",2021-03-01
64,안찬일,40,"서울병원에 진료가 있어서 하루를 묵게 되었는데 병원에서도 가깝고 호텔도 참 깨끗하고 직원분들도 다들 친절하셔서
너무 좋았습니다.
특히 가격이 너무 저렴한편이어서 더욱좋았던거같습니다.
다음에도 또 이용하게 될거같습니다",2021-03-01
65,허종철,50,"저렴한 가격에 깨끗하고 컨디션 좋은 침대 너무 즐겁게 놀고 가요.
직원들도 친절하게 응대해주시네요
다음에도 재방문 하고 싶을 정도로 만족하고 갑니다.",2021-03-01
66,SEOUNGJUN,40,"야경이 좋아요 ㅎㅎㅎㅎㅎㅎ
다음에도 여자친구랑 또 올게요
발렛해주네요 재가해도되는데 5000원내야한다니 이해가 안돼요",2021-03-01
67,yj,50,"친구랑 같이 지내러 왔는데, 편하게 놀다 갑니당!!
로션이 두개여서 린스가 없었어요!!!
그래도 조용하게 잘 지내다갑니다!!!ㅎㅎㅎㅎㅎ",2021-03-01
68,수안 이,50,프런트 직원들은 친절하며 온돌숙소 상태 청결. 깔끔함. 욕조가 상대적으로 큰 편이며 온동이라 아이들이 있는 가족들이 머물기에 젛은 형태로 추천함,2021-03-01
69,Parkleeahn,50,"다른지점에도 머물러 봤지만, 서대문점 만큼은 아닌거같아요.항상청결하고 직원분들이 친절하셔서 출장때마다 서대문점만 찾는거같아요. 감사합니당",2021-03-01
70,Connector414508,30,"가성비는 좋지만 고급스러움은 부족
(비즈니스 호텔이니 당연하겠지만)

접근성:서대문역 바로앞이라 편리
주차는 기계식 주차로 발렛파킹해주며 1박당 5천원 징수

룸컨디션:전체적으로 청결하나 벽지 이음매가 울어있어 미관상 좋지않음. 화장실 하수구에서 냄새가 올라와 책자로 막아야했음. 침구류등은 오케이

어매니티:Aveda제품인데,그냥쓸만은한 정도

식사:조식부페는 전반적으로 맛있고 좋았음.추천할만 함. 단,커피맛은 별로였음.

종합평점:별세개. 내가 묶은 방만 그런지 몰라도화장실 악취만 빼면 가족숙박, 비즈니스숙박으로 추천할만 함.",2021-02-01
71,수경 최,50,"역 바로앞이라 편리하고 근처 식당많아요. 직장인도 많으니 점심시간 좀 지나서가면 좋고, 가족보단 비즈니스로 오기 좋아요. 꼬르소커피, 로네펠트 등 카페도 많음",2021-02-01
72,타이거 김,50,"오랜만에 온 서대문 신라스테이

편안히 잘 쉬고 갑니다

언제나 친절하고 깨끗한 장소

휴식이 필요할 땐 언제나 신라스테이입니다

감사합니다",2021-02-01
73,조은별,50,"접근성, 가격, 숙소 컨디션, 모두 좋습니다. 특히 전철역에서 엄청 가까워 이동이 편해요. 서울에서 숙소 찾으시는 분들께 추천합니다.",2021-02-01
74,상상상,50,"깔끔하고 좋았고 위치도 최고입니다
숙박에 전혀 불편함이 없엇고
청소도 깔끔햇습니다
전망도 좋아서 아주 만족스럽니다",2021-02-01
75,정다솔,50,"신라스테이 답게 좋은 서비스를 제공받고 기분 좋게 머물다 갑니다. 더불어 진행중인 이벤트도 많아서 여러 투숙 프로그램,조식제공 등등 편히 이용할 수 있습니다.",2021-02-01
76,인아 심,40,"친절히 고층주셔서 더 쾌적하게 묵었네요.
딱 필요한게 잘 구비되어있습니다.
룸크기가 다 동일하고 층수만 다른건 몰랐네요.
친절하시고 좋습니다.",2021-02-01
77,jkv,50,싱글 + 더블 룸도 가봤는데 이번엔 온돌+ 침대라 아이들이랑 와서 바닥 뒹굴거리면서 놀기 좋았어요. 홍대도 한번에 가는 버스 있어서 좋아요,2021-02-01
78,Jane L,50,"비염이 있어서 침구랑 먼지가 제일 중요하다고 보는데 항상 잘 관리되어 있어요
어메니티도 꼭 필요한 것들이 있어 갑작스럽게 숙박을 하게되는 경우에도 아주 유용해요
주차비나 층간 방간 소음은 개선되면 좋겠어요",2021-02-01
79,Haeily,40,"깔끔하고 편안해요...! 편안하게 쉬다 가기 가성비 가장 좋을 것 같습니다! 애용해요
다만 서대문점 창문이 좀 더러워서 아쉽네요...0",2021-02-01
80,세교김,50,가족과 쉬러 왔는 데 지하철 바로 앞이라 만나기도 편하고 객실도 시설이 깨끗하네요. 직원분들도 친절하시고요. 맘에 듭니다.,2021-02-01
81,이희윤,50,"프론트 직원분들도 친절하시고, 룸 컨디션도 깨끗하고 좋아요! 저녁에 잘 때 소음도 없이 침구가 진짜 푹신해서 꿀잠잤습니당~",2021-02-01
82,Baramgaebi,40,"깨끗하고 접근성, 편안함 모두 만족스러위요.
기념일로 하루 투숙했는데 만족합니다.
어매니티도 우수하구요.
티브이 채널이 집에서보다 작고 제한적인 건 조금 아쉽지만 모든 면이 적정하게 만족스럽습니다.
잘 쉬다 갑니다.",2021-02-01
83,Sungeun H,50,"2박3일동안 이용하면서 느낀점
장점
1. 위치가 너무 좋다(덕수궁 돌담길 산책 추천)
2. 지하 1층 카페 도시락 테이크아웃 가능(부페식으로 원하는 음식만 골라서 담을수있음)
3. 아베다 어메니티
단점
1. 욕실 청결상태(신라스테이 전반적인 문제)",2021-02-01
84,Samuel Chung,30,"전체적으로 나쁘진 않았으나, 일부 서비스가 제대로 되지 않고 불친절하였음. 혹여나 문제가 생긴다면 좋은 인상을 남기기는 어려울지도. 그런 것이 아니라면 다시 와보는것도 고려해볼만 하다고 생각한다.
*조식은 전화로 미리 예약하자.",2021-02-01
85,kathleen0107,50,2박3일 머물려고 예약했습니다. 어메니티도 아베다고 침구도 너무 따뜻하고 폭신하네요. 방이 약간 좁은 거 빼고는 만족합니다,2021-02-01
86,Yongwan Kwon,40,"서대문역 1번출구, 합리적인 가격,
믿고 가는 신라스테이 추천!!
이 가격에 이 정도의 퀄리티가 가능하다니..!
역시 신라호텔 계열사 신라스테이!",2021-02-01
87,Ahram,50,"룸 컨디션 쾌적하고 위치가 좋아요
지하철역 바로 앞에있어요
이번엔 욕조있는 방에서 머물렀는데 반신욕도 하고 피로 잘 풀다가 갑니다",2021-02-01
88,방문객123,50,다른 신라스테이 지점들보다 쾌적하고 친절하여 요즘은 서대문 지점만 이용하는데 항상 만족스럽습니다.상품구성도 다양해서 일정에 맞춰 이용하기 좋습니다.,2021-02-01
89,Finnnn,40,"미리 와서 체크인 작업은 모두 마치고, 추후 체크인 시 카드 및 안내만 바로 진행하는 방식이 추가되었으면. 체크인 시간인 3시에 너무 밀립니다..",2021-02-01
90,Jane Doe,50,"방과 화장실이 굉장히 깔끔하고, 과학이 너무 푹신해서 3시간자도 13시간 잔 것 같습니다. 야경도 예뻤고, 조식 포함 투숙했는데 오믈렛이랑 와플이랑 감동 먹고 왔습니다. 재방문의사 있습니다.",2021-02-01
91,Kim Minseok,50,"가성비도 좋거니와 룸컨디션이나
직원분들의 친절함까지 좋았습니다
주차도 5천원에 발렛파킹가능하고
요즘같은 건조한 계절에 가습기가 필요할듯하여
예약시 가습기 필요로 기재했더니,
체크인 할때 꼼꼼하게 가습기 필요여부를
확인해주시더라구요.
잠깐 밖에 볼일보고
룸으로 들어가보니 가습기가 준비되어있었습니다^^
그리고 5살 딸과 엄마 아빠 3가족이 머물기에는
싱글베드와 더블 베드를 제공하는 것도
타 호텔보다 좋드라구요

아무튼 굳이였습니다.",2021-01-01
92,chii,40,"배정받은 방 좋았어요
점심식사 지하에서 런치 먹었는데 깔끔하고
커피도 매우 맛있었습니다
다만 화장실에서 냄새가 계속났어요",2021-01-01
93,현뚜기,50,"은평구 사는데 일쉬는날 쉬고 싶어서 아이들과 엄마랑 와봤어요
일부러 욕조있는방 예약했고 ㅎㅎ 온돌방으로 예약해서 아이들이 편하게 잘 놀아서 저도 기분좋았어욤!! 룸깨끗 개별온도조절 굿굿 뷰도 좋아요 빠지는게 없어요 그리고 프런트 직원분중에 눈 동그랗고 키약간 작으신분 말투 너무 친절하셔요 기분 좋아지는 말투에요^^
다음에 또 올거에요!! 조식도 맛있어서 배 터질것 같아요 ㅎㅎ",2021-01-01
94,taehwa,40,깨끗하고 시설이랑 위치도 딱 좋습니다 주변에 음식점이나 편의점이 가까워서 너무 편하게 잘 묵고갑니다 직원분들도 친절해요,2021-01-01
95,화학공주,30,요청사항에 가습기를 적어두었는데 가습기 얻어쓰기가 참 힘이드네요.룸키 하나줘서 불편했어요. 30분 늦게 체크아웃한다니까 돈 내야한다기에 이것저것 불편했던거 얘기하니 이번만 해드린다는 야박한 소리에 지난해 20박정도 이용한 이용했던 맘이 서운함으로 오네요.,2021-01-01
96,suna,50,병원땜에 급하게 예약했는데 저렴하게 잘 예약했어요 방도 넓고 욕조가 있어서 좋아요 편히 쉬다 갈수 있을꺼 같아요 강추해요,2021-01-01
97,kim seungho,30,"잘 쉬었다 갑니다.
비교적 저렴한 비용에 넓진 않지만 깨끗했어요
온도조절이 잘 되고 침구가 좋아서 꿀잠잤습니다
눈이 왔는데 앞에 빌딩 뿐이지만 좋았네요",2021-01-01
98,Chani Hong,40,급하게 하루 전에 호텔을 알아보는 중에 저렴한 가격과 좋은 위치의 신라스테이를 지인에게 추천받았어요~~ 아늑하고 멋진 시티뷰와 따뜻한 화장실과 편안한 침대에서 호캉스 잘 하고 갑니다 :),2021-01-01
99,도희킴,40,방도 깔끔하고 직원들도 친절하고 서대문역 바로 앞이라서 위치도 너무 좋아요. 배달음식도 받을 수 있고 호캉스에 딱! 좋아요,2021-01-01
100,Life travel,40,종종 신라스테이 묵을때 혼자 왔는데 오늘은 가족과 오게 되어 트윈룸 처음 들어왔어요. 더블룸에서 사무 볼 수 있는 책상과 스탠드가 참 좋았는데 스탠다드 트윈엔 원형테이블이 있어서 아쉬워요. 간단한 다과하기엔 무리가 없지만 무더기 서류작업차 들러서 일 보시는 분들은 참고하세요.,2021-01-01
101,sungho kim,50,"깔끔하고, 조용하고, 서비스 친절했습니다 ㅎ

주변에 교통 등도 편리하고 지하철 역 바로 앞

식당도 많이 있고, 배달도 매우 용이합니다",2021-01-01
102,LJJ,40,"즐겁게 쉬다가 갑니다. 깔끔해서 좋네요.
사이드 테이블 있어서 편했습니다
주차가 기계식주차라 발렛 필수인거는 조금 아쉬워요.",2021-01-01
103,David Byun,40,"좋은 위치.
깔끔하게 잘 정돈된 객실. (다만, 객실 외부창 얼룩이 심함. 청소 필요해보임)
요청사항에 경청하고 잘 응대해준 친절한 직원. (다만 응대시 다소 수동적인 느낌이 들어 아쉬움)
AVEDA 어메니티.
재방문 의사 있음.",2021-01-01
104,Crystal,50,친구랑 만나서 수다떨고 싶은데 이 민감한 시기에 카페나 음식점에 가는 건 조금 불안해서 장소를 신라스테이로 정해서 오랜만에 친구랑 신나게 놀다 푹 쉬그 가요.긴 테이블이 있어 식사하기도 좋았어요. 침구가 푹신해서 꿀잠잤어요.,2021-01-01
105,HY AHN:),50,"요즘 어디 갈곳이 없어서 호캉스로 주말을 보내는데 위치, 서비스 모두 만족스럽습니다! 요즘 체크아웃 시간 늦게해주는 이벤트가 있는데 너무 만족스러워요!! 날씨 좋을때는 명동까지 걸어다녀오기도 했어요:) 깨끗하고 편안해요!",2021-01-01
106,Jun,50,이렇게 가성비 좋게 도심에서 휴가를 보낼 수 있다니 너무 좋습니다!! 아침 조식까지 든든히 먹고 코로나 기간 중에도 이렇게 방역을 철저히 하는 모습을 보니 넘나 좋네요!!’ 아름다운 도심 뷰 까지!!,2021-01-01
107,dan,40,"서대문 광화문쪽에 방문하시는 분들에게는 역 앞에 있어서 위치가 편리하겠네요^^ 다만, 차를 가지고 오시는 분은 발렛이라 약간의 불편함이 있습니다.",2021-01-01
108,Jungwon Stephano Shin,40,"좁지만 깨끗했습니다.
딱 만족할 정도의, 적당하고 깔끔한 객실.
교통이 좋아 친구들과 만나기도 편하고
직원분들도 친절하셔서 전반적으로 편안했습니다.",2021-01-01
109,BBak,30,시설이 생각보다 작지만 대신 깔끔하고 정돈되어 있습니다. 다만 체크인 시에 3시 체크인이었는데도 4시 반까지 기다려야 했습니다.,2021-01-01
110,Dooo,50,"호텔 내부 너무 깨끗하고, 일회용품 퀄리티도 괜찮아 만족도가 높습니다. 바로 근처에 편의점도 있고, 배달 시키기에 호텔 위치도 매우 좋은 듯. 온도조절도 용이하여 잠도 푹잤네요. 제공해주는 조식 역시 지금 뷔페식으로 제공해주는 데가 찾기 어려운데, 깔끔하고 맛있게 제공되어서 만족도 높은 조식이 가능했습니다. 서울에서 호캉스 데이트 하기에 가성비 생각했을 때 가장 좋은 호텔인 것 같습니다. 추천합니다~!!",2021-01-01
111,Tae Hyung P,50,올때마다 깔끔한 침대와 고급스러운 어메니티 그리고 직원분들의 친절함으로 주말마다 서대문 신라 스테이를 방문하게 되네요! 너무 좋습니다. 다음에도 계속 방문하고 싶네요. 여러번 방문하면서 다양한 객실 종류를 이용해 봤는데 그중에서도 디럭스 더블룸이 제일 좋은 것 같네요. 코로나로 인해 조식 부페를 이용하지 못하는 점은 아쉽지만 그래도 만족하면서 지내다갑니다.,2021-01-01
112,KIM BO SUNG,50,"탁 트인 전망과 푹신한 베딩이 좋았어요 유독 여기 친구가 포근하네요
객실이 매우 깔끔했어요.
룸컨디션 언제나 만족합니다.",2021-01-01
113,MinHyeok Kang,50,신사스테이의 명성답게 깨끗하고 편안하게 쉴 수있어서 좋습니다. 여행객 비즈니스등 모든 일에 1순위 고려하시길 바랍니다.,2020-12-01
114,신민수,50,위치도 가깝고 친절하고 청결하고 잘 쉬다 갑니다 😄. 코로나때문에 위생이 제일 걱정인데 무엇보다 객실이 청결한 것 같아서 좋습니다.,2020-12-01
115,Sihyun Lee,50,"발렛주차가 가능해서 너무 편했습니다.
그리고 방도 깔끔하고 화장실안에 욕조도 있어서 좋네요◡̈
그리고 무엇보다 주위에 편의시설이 많아 좋아요!",2020-12-01
116,lee,50,"서울 도심 한가운데에 위치한 최고의 호텔입니다. 호텔 연식도 오래되지 않아 매우 깨끗하고. 직원들도 매우 친절합니다. 호텔 바로 앞에 서대문역 5호선이 위치해서 이동에도 편리합니다. 코로나 시대에 방역도 잘지키고 있어 안전해 보여 안심하고 묵어도 될듯합니다. 다음에도 기회가 되면 묵을 생각입니다~~
추가:이 호텔 어메너티는 아베다 입니다. 개인적으로 좋아하는 브랜드로 매우 만족합니다",2020-12-01
117,송기화,50,위치가 5호선 서대문역과 매우 가까워서 여의도나 광화문 등 서울의 중심쪽으로 이동이 매우 편리했습니다 접근성도 좋고 주위 맛집 등을 배달시켜서 식사를 하기도 좋았습니다 방은 깨끗하고 침대도 높고 푹신하고 편했습니다 화장실과 세면시설도 작은 욕조가 있는 등 공간이 넓은 편이어서 다른 곳 보다 사용하기가 편했습니다 요즘 위생이 조심스러운데 종이컵을 제공해주시는 것 뿐 아니라 그 위에 비닐로 먼지같은게 들어오는것도 대비되어있어서 좀 더 안심하고 편하게 쉴 수 있었습니다,2020-12-01
118,손유진,50,정부 소비쿠폰 할인도 받고 해서 저렴하게 1박 묵었어요. 조식은 기대안했는데 가짓수가 많진 않지만 정갈하게 잘 나오네요. 침구도 푹신했고 방안 온도도 적당했어요. 좁은 공간 활용을 잘 한 느낌이에요. 높은 층으로 업그레이드 해주셔서 뷰도 좋았어요. 티비가 작은 것빼곤 다 만족스러워요.,2020-12-01
119,Jenny00024,50,"22층 스탠다드 트윈방에 묵었는데 뷰도 좋고 조용하고 침대도 푹신 침구도 부드럽고 그냥 모두 만족!
엘레베이터도 꽤 빠른편! 편하게 묵다 갑니당!",2020-12-01
120,Seung hui Kang,50,"대학 수시 논술이 2건 있어서 원하는 한 대학에 가깝기도 하고 교통이 편리해 신라스테이 서대문을 선택했어요.
4박 예약 후 1박 더 추가로 묵었을만큼 조식 뷔페(요즘 시기에 도시락으로 이용 가능해서 매우 좋았음)도 정갈하고 맛있고(해운대점 런치뷔페 이용해 봐서 음식 맛 좋은 건 알고 있었음) 청소도 깔끔하고 요청 사항(전자렌지 의약품)도 잘 들어주셔서 김사했어요. 고3 이라고 예약시 조용한 방으로 요청했는데 좋은 위치 객실로 주셔서 정말 감사했어요.
좋은 인상 받고 갑니다.",2020-12-01
121,Choi,20,무난했습니다. 하지만 창가쪽은 다소 추웠어요! 침구류는 깔끔하고 좋았습니다. 위치가 바로 역 앞이라 오기도 쉬웠어요! 추천합니다.^^,2020-12-01
122,LeeYunjeong,50,"강북삼성병원 갈때마다
2달에 한번씩 이용하는데요
시설도 깔끔하고 위치도좋구요
만족스러워서 강추합니다
어메니티도좋구요 서비스도 좋아요",2020-12-01
123,Dora A,50,침대가 너무 폭신하고 도톰해서 아주 편하게 잤어요! 그리고 조식도 가격대비 너무 맛나요! 공덕점보다는 객실이 다소 작은 것 같으나 다양한 시설면에서는 서대문이 좋습니다 :) 또 오고 싶어요.,2020-12-01
124,LKG,40,12월 평일저녁에 방문했는데 시설이나 룸상태 깔끔하고 숙박하기엔 가성비가 괜찮은거 같네요. 다만 비지니스라 그런지 룸이 좀 작은편이라 아이랑 같이 오기에는 조금 작을수 있을거 같아요. 그래도 전반적으로 만족하고 잘 쉬고 갑니다.,2020-12-01
125,moonuu,50,"객실 깨끗하고 직원들이 친절합니다.
위치도 서대문역 바로 앞이라서 편리하고
광화문이나 종로쪽은 걸어서도 갈 수 있어요",2020-12-01
126,Soobin Park,40,"우선 지하철역이 바로 앞에 있고, 근처에 버스 정류장도 있어서 대중교통으로 이용하기에 무척 편리했습니다. 룸이 아주 넓지는 않지만 깔끔하고 전반적인 서비스도 친절했어요. 사거리쪽 뷰가 보이는 룸으로 배정 받았는데 덕분에 야경 보며 치맥하기에 분위기 좋았어요. 다만, 욕조 샤워기의 수압이 약해서 그 점이 살짝 아쉬웠어요. 프로모션으로 베어 키링도 받고 기분 좋게 쉬다가 갑니다. 다음 번에도 기회 되면 또 투숙하고 싶네요 :)",2020-11-01
127,HYEJIN LEE,40,"출근길에 늘 지나가던 신라스테이 서대문~ 드디어 숙박의 체험을 합니다.주차가 좀 불편하긴 하지만, 다른건 모두 만족합니다.가성비가 높은 호텔입니다.'비지니스 호텔'이지만 어메니티도 '아베다'를 제공하고 욕조도 있어서,피로도 잘 풀고 갑니다.투숙객에 한해 제공되는 치맥세트와 피낵세트 할인도 매력적이네요~",2020-11-01
128,Hyungihong,50,방이 일단 너무 깨끗하고 좋았어요 27층 로얄층 이라서 밖에 바라보는 전경도 너무 좋았습니다 담에도 꼭 다시 한번 방문하고 싶습니다,2020-11-01
129,choKJ,50,"버스, 지하철 역과 접근성이 너무좋아요~ 서울에 숙소잡고 이동하기 좋습니다. 깔끔하고 편리해서 자주 이용합니다. 발렛서비스도 좋았습니다.",2020-11-01
130,김현주,50,"친구랑 왔는데 친절하고 라운지도 맛있고 저렴하고 구성도 좋습니다. 또 올게요
발레비는 5000원인데 무료였다 받으니 아쉬운 부분도 있어요",2020-11-01
131,Sun,50,"목욕탕 있는 객실배정 부탁드렸더니 친절하게 안내해주셨어요. 코로나로 근처식당들 9시까지 밖에 안해서 씻고 배달시켜 편하게 즐깁니다.
푹 쉬다 재밌게 지내다 갈께요^^",2020-11-01
132,hyerichoi,50,"2020.11월24일부터 11월27일까지 3박일정을 여기서 편하게 잘보내고 있습니다❣️24일에 체크인을 밤늦게 했는데, 밤늦은시간에도 프론트 여직원께서 친절하게 설명도 잘해주고❣️조식가격에대해 여쭤보니, 투숙객에 한해서인지, 어쨌든 조식 할인적용되는 조식쿠폰을 주면서 잘 설명해주어서 아주아주 고마웠습니다. 🙏 25일,26일 조식 먹으려고 방문했는데, 친절히 자리안내도 잘 해주시고, 마스크 착용과 비닐장갑 착용 멘트도 해주셔서 고객들을(저 포함) 안심을 시켜주었습니다. ☺️ 감사합니다~ 여기 레스토랑 여자 직원도 너무너무 예뿌세요. .! 저도 다른지역에서 호텔에 근무를 하고있는데, 우리호텔 직원들보다 여기호텔 직원이 (머리스타일이라든가 유니폼 등) 더 깔끔하다고 예뿌다고 생각할정도로 기억에남아여🙏 카리스마 있는 여자직원의 모습이 너무너무 멋있었어요. ! 저도 그런 호텔리어가 되고싶습니다 ~! 그리구, 객실에서도 편히 잘 쉬다 갑니닷 . .😍 아주아주 따땃해서 좋았어요~!",2020-11-01
133,hyunjoo s,50,"깔끔하고 뷰도 트여있어 좋아요!
지하1층 바에서 세트메뉴도 먹었는데 맛있게 잘 먹었어요 가성비 최공 담에도 이곳에서 숙박할래요",2020-11-01
134,경민 김,50,생각했던것보다 더 깔끔했고 어메니티도 좋았어요 무엇보다 교통이 편리해서 가장 좋았고 프론트 직원분들도 친절하셨습니다 급하게 알아보고 머문거였는데 다음엔 호캉스하러 올거같아요!,2020-11-01
135,Dongho,50,깨끗하고 좋은 캐주얼 호텔입니다! 작지만 있을거 다 있고 침구도 편하고 아늑해요. 다시 방문할 예정입니다. 잘 쉬었다가네요!,2020-11-01
136,wjp2003,40,"친절한 직원
서대문사거리 5호선 바로 앞
깨끗하고 넓은 방. 다만 다소 낡은 벽
무엇보다 서대문 사거리 훌륭한 조망
괜찮은 조식.",2020-11-01
137,sangyup,50,"직원분들이 너무 친절하고 가성비좋은 호텔 이에요 !!! 추천해요 !
가족들까리 놀라와서 잘 쉬다가 갑니다 휴식하기 좋아요 ㅎㅎ",2020-11-01
138,lily,50,"방 온도도 좋았고 무엇보다 청결이 너무 좋았어요~
친절한 프론트도 좋았고 지하철 역에서 내리자마자 바로 들어올 수 있어요 좋아요",2020-11-01
139,Park JH,50,"전문의 시험때문에 4주연속 주말마다 머물게 되었습니다 늘 편안하게 지낼 수 있도록 최선을 다 해주셨고, to go 도시락은 너무 좋아서 거의 매번 먹었네요^^ 시험준비때문에 책상이 필요했는데, 한번은 책상이 없는 방에 배정되어 사정을 말씀드리니 프론트에 summer lee?? 분께서 해결을 잘해주셔서 너무 감사했습니다! 다음에 또 방문하겠습니다 감사합니다! :)",2020-11-01
140,soolee,50,조식도 맛있고 깨끗한 시설! 직원분들도 완전 친절해요. 넓은 객실과 고층에서 보는 야경이 생각보다 좋아요 ㅎㅎ 다음에 또 오고싶어요,2020-11-01
141,J Y P,50,1년만의 추억 호캉스~ 너무 좋았어요!! 내년에도 다시 신라스테이서대문을 기약하녀 떠납니다... 최고였어요 ㅋㅋㅋㅋㅋㅋㅋㅋ,2020-11-01
142,Joo miseon,50,신라스테이 오랫만에 다시 방문했는데 역시 신라스테이는 서대문점이 제일 좋은거 같아요. 직원분들도 친절하고 편히 쉬다 갑니다:D,2020-11-01
143,Surimi,50,"방도 깔끔하고, 밤 야경도 볼 수 있어서 좋았습니다! 다음번에는 체크인 일찍해서 라운지바도 이용해보고싶네요~~
좋은 시간 보내다 갑니다 Good~",2020-11-01
144,SEUNGJUN,50,"호텔이 엄청 깨끗하고, 침구랑 가운 특히 가운 촉감이 너무 부드럽고 보들보들 좋습니다. 마음에 들고 너무 좋습니다. 만족스럽게 31시간 쉬다가 갑니다!!!!!",2020-10-01
145,a reum,50,"작년 연말에 왔었는데 좋은 기억때문에 다시 찾았습니다
역시나 객실 상태 넘 좋구요 푹신한 침구덕에 푹 자고 일어났더니 여행의 피로가 싹 가셨네요 올때마다 편하게 쉬다 갑니다^^",2020-10-01
146,seul gi,40,"생각했던거보단 방이 좀 작았지만 부담없이 편하게 쉬었다 가긴 좋았습니다. 교통도 편리한 위치에 있구요, 아기랑 같이 가면 아기침대가 없어 조금 불편해요",2020-10-01
147,Sung-Jin Choi,40,위치도 역바로앞에 있어서 너무좋았습니다! 주변 관광지나 산책길도 많아 호캉스로 오기 정말 좋은거같아요! 재방문의사 있습니다!,2020-10-01
148,kim,50,서대문점은 처음 방문이었는데 전반적으로 쾌적하고 깔끔했으며 직원들도 모두 친절했습니다. 또한 방에서 보는 시티뷰가 아주 좋아서 다시 방문하고 싶습니다.,2020-10-01
149,Jinyy,40,접근성과 위치가 좋아서 서울 올 때마다 방문하고 있습니다. 주차 유료로 바뀐거랑 체크인할 때 직원들이 매우 피곤해보입니다. 코로나19 때문이겠죠??,2020-10-01
150,재영 이,50,"저렴함 가격에 가성비 최고 입니다
레이트 체크아웃 프로모션으로 2시까지 숙박했구요
침구도 편안했습니다
조식도 맛있구요",2020-10-01
151,Gil-Nam H,50,"다 좋아요 서대문 7번 출구 바로 앞이구요
직원들 너무 친절하네요 침대 배게 깔끔하고 푹신하고 좋아요
재방의사100프로 입니다 !!!!",2020-10-01
152,David Seo,50,"금년만 2번째 방문입니다.
지하철역 바로 앞이라 교통도 편리하고
직원분들 친절하며
전망 좋은방으로 배정해 주셨습니다.
잘 쉬겠습니다.",2020-10-01
153,seonkyung,50,"출장때문에 묵게 되었습니다. 금액대비 룸컨디션,부대시설 및 서비스가 아주좋습니다. 다음에도 서대문 근처에 묵게된다면 신라스테이 서대문에 방문할 의향있습니다",2020-10-01
154,CTCKim,50,"서대문 근처 가족 모임 시 숙소로 사용. 객실이 깔끔하고 가격도 합리적이었음. 조식도 도시락(셀프서비스)이 8,000원. 아이들 편하게 먹였음",2020-10-01
155,Yeti,50,"업무차 이용할 일이 있으면 종종 신라스테이 서대문을 이용합니다.
지하철과 붙어있고 버스도 아주 편하고
네임밸류에 맞게 깨끗한 객실, 친절이 몸에 벤 스텝들,
특히 아침 식사가 도시락이라도 맛나고 정갈합니다.
뷰 좋은 객실에서 편히 쉬고 깁니다.",2020-10-01
156,Han,50,체크인시부터 발열 체크와 주의사항 안내서 확인 및 서명! 코로나19로부터 안전한 신라스테이 서대문 체크인 완료! 편안하게 머물다 갈게용,2020-10-01
157,SEMI J,50,"조금 전 체크인 하였고, 그자리에서 바로 요청사항 드린 부분에 대해 최대한 수용해주셨습니다. 기분좋은 투숙될 것 같습니다",2020-10-01
158,Chacha,50,"신라스테이 중에서 서대문점이 제일 가성비 좋은 듯 합니다. 지하철역 가까이에 있어 접근성 좋고 시청 광화문역도 가깝구요, 서울시립미술관까지 산책하며 느긋하게 다녀올 수 있어 좋았습니다. 체크인 할 때 친절히 안내해주셨고, 조식은 도시락으로 준다는데 조식부페도 만족스럽게 먹었던 적이 있어 기대됩니다. 쾌적하게 푹 쉬고있는 중이에요!!!",2020-10-01
159,Hilton,50,신라스테이 서대문은 위치면에서 탁월하고 대중교통도 이용이 쉽다 나는 항상 자차를 이용하지만 주차도 좋다 주차장이 협소하다지만 유료주차장을 무료로 이용할 수 있고 정비가 잘 되어 있다 게다가 역주변으로 음식점 등 상가들이 즐비해 먹는 것에도 문제가 없다,2020-09-01
160,jaemin,50,"신라스테이 서대문 깨끗하고 친절하고 좋습니다
조금 쌀쌀해서 라디에이터부탁드렸는데
방으로 빠르게 갖다주셨어요
감사합니다
잘쉬다가네여",2020-10-01
161,Ha Soo Eim,40,"깔끔하니 기분좋게 잘 놀다갑니다
침구류도 두툼하니 너무 좋아요
수건은 필요하시면 프론트에 달라고 하면 주시더라구요",2020-10-01
162,Hanee,50,"스탠다드 예약했고 고층 부탁해서 15층 방으로 받았어요. 야경 이쁘니 꼭 고층으로 부탁하세요- 어매니티, 샤워가운, 침구 다 좋습니다. 다만 화장실 수압이 조금 약해요 😢",2020-10-01
163,권동영,50,"올때마다 느끼는건데 좋네요~
입욕제 받앗어요
신라스테이 지점중에 서대문이 가성비는 가장 좋은듯하고 서울시내여서 접근성 좋습니다",2020-10-01
164,"Sunjong,Hong",30,"늦은 밤 모기 때문에 잠을 설쳤네요

살충제라도 있었으면 잡았을텐데

아버지께서 잠을 설치셔서 낮은 점수줍니다

접근성이나 시설면에서 좋아요~~^^",2020-09-01
165,Sara park,50,전체적으로 깨끗하고 좋아요. 침대도 푹신해서 잠 잘 옵니다. 화이트톤이라 깔끔한 느낌이에요. 화장실도 생각보다 넓직한 편입니다. 욕조도 꽤 큰 편이라 씻는데 편해요.,2020-10-01
166,lee,50,객실내부 전체적으로 깔끔하고 프론트분들도 친절하시고 뷰도 좋습니다. 위치도 역 바로 나오자마자 위치하고있어서 찾기도 쉽습니다.,2020-10-01
167,Qbbong,50,"깔끔하고 넓은 객실, 친철한 서비스, 또 다양한 패키지 프로모션으로 뭔가 많은 이득을 얻어가는 기분~!
항상 기분좋은 아베다 어메니티 언제나 출장올때면 신라스테이에서 숙박하게되네요",2020-10-01
168,Park,50,"추석에 가족들과 쉬려고 방문했습니다.발렛 해주시는 분들도 친절하고 체크인도 빠르고 친절하게 해주셨습니다~아이와 같이 왔다고 욕조있는 룸으로 배정해주신다는 점도 감사 ㅋㅋ
가족들과 편안하게 지내다 갑니다~~",2020-10-01
169,dan,10,"덕수궁 가깝고 고궁 여행 하기.좋네요
그런데 서대문점은 유독 불친절 합니다
프런트직원 대부분 그래요
근래.계속 왔는데 위치아니면 별류",2020-09-01
170,체리슈,50,룸 컨디션도 좋고 있을 것 다 있어요 어매니티도 아베다고 안내 해주시는 분들도 친절해요. 뷰도 짱이에요 멀리 청와대도 보이고 야경도 좋더라구요ㅠㅠ 제대로 힐링하고 갔습니다! 조식은 도시락으로 대체됐는데 이것도 만족입니다. 와이파이도 빵빵하고 무엇보다 신라계열은 그 침구가... 배게하나만 갖고가고싶네요,2020-09-01
171,Jaechan Ryu,40,"욕조, 고층 요청드렸더니, 객실 업그레이드 해주셨어요 감사합니다:) 깔끔하고 좋았고, 위치가 좋네요~ 잘 쉬다가 갑니다. 좋아요오",2020-09-01
172,Youngsang CHO,40,잘 머물다갑니다. 역이 숙소 바로 앞이라 교통이 편해서 좋은것같아요. 근데 수압이 약해서 휴지가 한 번에 안내려가요. 근처에 갈 곳이나 맛집은 별로 없어요,2020-09-01
173,디아 리,40,서대문역 내리자마자 있고 근처 돈의문 길 걷기도 좋고 서울도심에서 가족들과 행복한 시간 보내다 갑니다 전망이좋아요 다만 주차 안될까봐 조금 불안했었고요 룸 조명도 환해서 책읽기좋았습니다,2020-09-01
174,WY David Chung,50,"조망도 훌륭하며 룸과 욕실도 청결하여 모든 부분에서 만족스러움을 느꼈습니다.
서대문 지역 호텔을 원하신다면 신라스테이 서대문을 추천합니다.",2020-09-01
175,kimbyeoung hyeoun,50,서대문근처 깨끗한 방을 찾고있었는데 여기가 딱 인것같네요 지하철역도 가깝고 시설도 깨끗해서 정말로 저의 맘에 드네요,2020-09-01
176,이지은,50,이번달에 제주신라스테이도 묶고 비지니스차 서대문역도 왔는데 역시. 신라스테이 군더더기없고 어메니티도 아베다구. 완전 만족합니다!,2020-09-01
177,아름 김,40,"두번 방문했는데 두번 다 만족해요
접근성 좋고 객실이 크진 않지만 깔끔하고 침구도 푹신하고 어머니도 만족하십니다
코로나 때문에 조식은 도시락으로 받았는데 꽤 괜찮았어요.",2020-09-01
178,Kdh,40,"신라스테이 서대문 당일예약 한 후 이용했습니다. 지하철역이랑 접근성도 편하고, 비즈니스호텔로 이용하기 좋은 것 같습니다!",2020-09-01
179,eju,40,서대문역 7번출구 바로앞! 코로나로 기분전환 했던 1박. 레이트 체크아웃으로 느긋~하게 쉬고 갑니다^^ 편리한 접근성. 친절한 직원들^^ 일상탈출 성공했어요~,2020-09-01
180,youngeun,30,"주변에 볼일이 있어 들렀다 서대문지점은 처음인데 내부는 다른 지점과 비슷하고 넓진 않은데 혼자 잠만자긴 괜찮아요
내부 냄새가 좀 퀘퀘한데 환기시키면 됩니다 가성비 비지니스 호텔",2020-09-01
181,TomKim,50,"호텔 위치는 인근 여행지 및 맛집 방문하기에 용이함.
모든 신라스테이 지점이 동일한 객실 종류와 시설기자재 사용 및 서비스 수준이 표준화 되어 호텔 선택에 있어 위치만 고려하면 됨.",2020-09-01
182,jae,50,"시설도 깨끗하고 .....!!!!!!,주변 음식점도 가기 편해서 좋아요 코로나여서 조식이용은 못햇지만 가성비 좋아요.......!!!! 전체적으로 인테리어도 깔끔",2020-09-01
183,윤채 정,50,"22층 전망좋고, 깔끔하네요.22층 전망좋고, 깔끔하네요.
22층 전망좋고, 깔끔하네요.22층 전망좋고, 깔끔하네요.
22층 전망좋고, 깔끔하네요.",2020-09-01
184,Jane doe,50,"서대문의 장점은 광화문쪽으로 이어지는 서대문 사거리쪽의 뷰가 좋다는 점, 그리고 나무바닥.
코로나덕분에 얼음서비스가 없어진 점 아쉽다 그러나 코로나 전에도 얼음서비스는 사실 잘.....지하 식당까지 내려가서 직원에게 부탁까지 해야했으니까.
얼음정수기의 도입이 절실하다.
신라스테이는 타비즈니스급 호텔에 비해 서비스가 다양하지는 않은편 . 얼음제공이나 물 정수기 문제도 그렇고 라운지 음료제공을 하는 호텔도 많다. 면도기나 소잉키트도 없다. 뭘 물어보면 다 없다고 함. 전자레인지가 있는 호텔도 있지만 여긴 없고.
욕조있는 욕실에서 샤워를 하면 온 바닥이 물바다가 된다. 어쩔수가 없음
전반적으로 신라스테이는 삼성, 신라계열이라고 기대를 하면 안되고 , 그저 평범한 비즈니스 호텔이라고 기대치를 내리고 갔을 때 좋은 느낌으로 남을 수 있는 듯
개인적으로 서비스는 신라스테이 광화문>서대문>서초>나머지>>>>>>>>>>>>>>>>>신라스테이 마포
그리고 전반적으로 고객요청사항 이해수준이나 서비스 ,커뮤니케이션 수준이 여자직원 >>>>>>>>> 남자직원 정도로 여자직원들이 비교우위. 문제발생시 신라스테이 남자직원들과 대화해서 좋게 마무리 된 적이 없다.",2020-09-01
185,bmyjhj,20,"다른 신라스테이보다 친절하진 않아서 아쉽다 개선필요.
접근성은 좋고, 주차가 엘리베이터 형식이다
리셉션에 가림막 좋은듯하다",2020-09-01
186,Lee,40,"깔끔하고 아늑하고 만족합니다!
비지니스로도 좋고 혼자 조용히 쉬러올때도 좋을듯해요!
주차자리가 협소하니 주의
기계식이라 큰차는 못들어오니 주의!",2020-09-01
187,MiyoYee,50,"하룻밤 묵었는데, 호텔이 시내 중심가에 위치해 교통이 편리하다.성비가 높고, 호텔 환경은 청결하여, 방의 배치가 매우 합리적이다.",2020-09-01
188,Shara Park,50,"직원들 서비스, 방컨디션, 방안에서 바깥의 뷰 모두가 좋았습니다! 침대도 너무 푹신해서 세상 개운하게 일어났습니다 :)
신라스테이에 숙박은 처음인데 너무 좋은 경험이 되어서 다음에 묵는다면 더 오래 머물다 가고 싶어요.",2020-09-01
189,Suyeon,50,"역에서 아주아주 가깝고 룸 컨디션도 좋아요! 침구도 폭신하고 직원분들도 친절해요! 입장전에 발열체크, 문진표 작성까지 해서 안심하고 이용했습니다!",2020-09-01
190,junghyeon S,50,"사회적 거리두기 2.5단계로 격상되어 2주 동안 백수생활을 즐기던 차..지루함과 미래에 대한 불안감으로 하루 하루를 보내고 있었다. 친구의 권유로 찾은 신라스테이 서대문점. 다소 저렴한 가격에 이용할 수 있다는 장점, 역 앞에 있다는 지리적 장점, 침구류 상태 및 정돈도 만점! 짧은 시간이었지만 잘 쉬었다갑니다. 통창 유리 청소가 조금 아쉽지만 전반적으로 너무 좋았습니다!",2020-09-01
191,Theo,50,비즈니스 때문에 하루 머물 곳이 필요했는데 딱 좋았습니다~ 깔끔하고 침대 및 침구류 모두 만족스러웠습니다 어메니티도 좋아요,2020-09-01
192,krazysh,50,"깨끗하고 무난한 비즈니스 호텔입니다.
비즈니스 호텔 중 조식도 만족스러운 편이구요.
서대문 근처에 출장 오시는 분들께 추천드립니다.",2020-04-01
193,승원 정,20,"난소수술때문에 서울오면서 요양하러 예약함.
체크인하는데 로비에 발디딜 틈이 없어서 뭐지?싶었음 완전 도떼기시장같은 느낌..프론트직원분들은 친절하심.
객실도 넓고 욕실도 좋았는데 냉장고 너무 작고 시원하지도 않음. 입실하자마자 실내화로 갈아신는데 마룻바닥에 머리카락이 여기저기 있었음. 21층 배정받았는데 창문이 너~~~~~무 더러워서 뷰가 보이지도 않음. 장마철이었는데 창문밖에 붇은 거무튀튀한 먼지때문에 비가오는지 안오는지도 모를정도. 이런호텔은 처음봄. 커튼열기도 싫어서 2박3일동안 커튼 안 염. 침대는 트윈이였고 움직이다보면 살짝 밀릴정도로 가벼웠는데 침대 밑이며 협탁밑에 먼지가 마리모처럼 굴러다님...침대 밑으로 뭐 떨어뜨려서 줍는다고 보는데 더러워서 토하는줄.
수술하고 죽을 주로 먹는데 전자레인지 좀 돌려달라고하니까 레스토랑 매니저?같은 여자가 표정 썩어가지고 두 번 가기도 뭐해서 그냥 찬거 먹은적도 많고 비지니스호텔급에 그 흔한 런드리룸도 없어서 밖에 코인런드리 돌리러감.
일행은 피트니스센터쓰러 자주갔는데 마스크안 낀사람 너무 많고 직원이 제지도 너무 무르게 한다고 다신 안 씀.
지금 동대문 토요코인》코트야드메리어트남대문》홀리데이인홍대 이렇게 호텔 바꿔봤는데 여기가 역대급으로 더럽고 불편했음",2020-08-01
194,Josh Lee,50,"Super cozy n comfy:)
Best stay spot ever Ive been in KOREA.

이동성 좋은 위치와
편안한 침구류며, 샤워 키트

이 모든것에 만족하고 좋은 시간 보내고
잘 머무르고 갑니다.

신라 스테이 포에버~~",2020-08-01
195,Jenny Ko,40,"호텔 들어서면 가장 먼저 만나는 발렛 스탭인데, 신라스테이 서대문 주차 안내 해주시는분 친절해서 기분좋게 체크인 하였고, 객실 체크인 도와주신 스탭분도 뷰 좋은 곳으로 주셔서 감사히 잘 숙박하였습니다.",2020-08-01
196,Jake,10,"건물이 오래되지 않았을텐데 타일이 갈라져있고 옆방 소리 다들림
담배냄새도 전달됨 청소도 제대로 안되어 있음
바로옆방 스텝 전용방인데 거기서 전달되는 담배냄새와 소리인듯함
샤워까운 갈아달라고 바닥에 놓았는데 저녁에 오니 욕실에 그대로 걸려있음
벽에 벽지가 구겨진거 보면 벽이 뒤틀어 진거임?
문틀에 곰팡이 보면 경악
이불 찢어진거 우와~
전기 콘센트 안꼽히는거 대부분 스탠드는 안켜짐
전기스위치에서 지지직 소리남 무서움",2020-08-01
197,JinHo,50,"호캉스 즐기러 신라스테이에 묵었는데 무료로 룸업그레이드해주셔서 편안하게 즐거운 시간 보냈습니다^^
중식도 맛있었고 레이드 체이크웃 페키지로 여유롭게 준비할 수 있어서 좋았습니다.",2020-07-01
198,Hongvely,50,"근처 병원진료가 아침일찍 예약되어있어 하룻밤 자고 편히가려고 예약했지요. 서대문점은 처음인데 깔끔하고 고급진데다가 룸컨디션도 최상👏👏 시티뷰도 좋으네요ㅎㅎ
아가랑 함께한 신라스테이 서대문~ 신랑이 병원 올때마다 여기서 자면 되겠다고 하네요ㅎㅎㅎ
아이도 여기 너무 좋다며ㅋ 또 오자고 얘기합니다.
강추👍👍👍👍👍",2020-07-01
199,Hyein Jin,50,"역삼 신라스테이와 같은 룸 타입(스탠다드 더블)에 머물렀는데, 화장실이 안쪽에 들어가있는것도 맘에 들고 화장실도 역삼 신라스테이보다 제법 널찍해요! 그리고 문 열고 들어가면 칸막이 미닫이문이 있어서 좋네요 ㅎㅎ 추천합니다",2020-07-01
200,민홍찬,40,"깔끔합니다. 교통의 요지에 위치했는데 조용하고 쾌적합니다.
모처럼 푹 쉴수 있었습니다.
서비스도 친절했습니다. 고객을 생각하는 마인드가 돋보입니다.",2020-07-01
201,김민정,40,"저렴한 가격에 잘 쉬고 갈 수 있었어요.
조식도 가격대에 맞는 딱 있을것만 있어서 좋더라고요.
특히 저녁에 맥주 무제한이 있어서 좋았어요.",2020-07-01
202,Jieun,40,"직원분들도 완전 친절하시고, 욕실 있는 곳으로 바꿔주셔서 정말 편안하게 숙박할 수 있었던 것 같아요. 다음에도 또 들리도록 할게요!",2020-07-01
203,허 창 수,50,출장중 지인의 소개로 하루 머물게 되었는데 깨끗하고 친절한 서비스로 아주 만족스럽게 잘 쉬고갑니다. 주변에 간단하게 식사할 곳도 다양한것 같고 지하철에서 접근성이 아주 좋아서 찾아오기도 너무 편한것 같네요. 매번 서울 출장시에 머물던 곳이 시설이 조금 떨어져서 불만이었는데 진작 여길 알았더라면하는 아쉬운 남네요.저는 참고로 지하철을 40분을 환승하며 왔는데 아주 만족합니다. 다음 출장때에도 다시 찾겠습니다.,2020-07-01
204,julietkyeong,50,"일단 신라스테이를 좋아하는 우리 가족!
서울에 한두달에 한번씩 올때마다 늘 숙소는 신라스테이 서대문!!
지하철5호선 서대문역 8번출구 딱 바로 앞
교통편의 편리성이 제일 큰 매력이다.",2020-07-01
205,bomee,50,방 깔끔하고 전망이 좋습니다 고층이엿으면 좋앗을텐데 아쉽네요 ㅜㅜㅜ 방도 조용하구 깔끔하고 좋아요 ㅎㅎ커플이 묵기좋아용,2020-07-01
206,Ikhee J,50,"적당한크기의 방과 좋은 위치의 숙소입니다
지하철바로앞이라서 좋아요
주차는 조금 힘들어요
청결한 객실은 지내기 좋아요",2020-07-01
207,Kimsg,40,"깔끔하고 가성비가 있는 호텔입니다.
다만 디너가 안되어서 아쉽기는 하지만 아경도 이쁘고 방도 좋고 모든게 완벽합니다. 강추에오",2020-07-01
208,연진 이,20,"경찰청뷰라고 해서 아 경찰청이 보이는구나 했는데 ㅋㅋㅋㅋㅋㅋ
경찰이 보여서 커튼 닫고 잤네욬ㅋㅋㅋㅋㅋ 모텔인줄ㅋㅋㅋ 엄청 가까이서 보이고 지나가는 경찰이항 눈 마주치는 뭐 그런 상황ㅋㅋㅋ 침대는 뭐 호텔침구고 여기 6층인뎈ㅋㅋㅋ 너어무 가깝네요 ㅋㅋ 사진도 첨부해요 ㅋㅋ 최악하려다가 침대로 하나올렸음",2020-07-01
209,YTH,40,"업무차 이틀 간 사용했는데
위치 좋고 깔끔하고
책상까지 갖춰져 있어 좋았어요.
간혹 어디에서 나는지 무슨 냄새가 훅 하고 났지만 창문 열 수 있어서 그것도 뭐 불편하지 않았어요.",2020-07-01
210,JJJ,50,"방 컨디션은 딱 신라스테이 그대로이고요, 위치는 서대문역 7번출구로 나오면 바로 있습니다. 주변에 시장, 먹자골목 있어서 저녁/야식은 해결됩니다 ㅎㅎ 조식도 맛나게 먹었어요~",2020-07-01
211,nuuuuuurrrrrri,50,"조식 객실 다른이용시설들도 만족입니다
청결상태도 좋습니다
주변에 광화문 가깝고 서대문역 바로 앞이여서 접근성이 좋습니다
재방문의사 있습니다",2020-07-01
212,yebin p,50,선착순 배정이라 욕조가 있는 방을 못받아서 아쉽지만 ㅠㅠ 고층이라 좋네요 :) 시티뷰인데 방에서 청와대도 보이고 밤에는 더 예쁠것 같아요~,2020-07-01
213,Jung ye lim,40,"생각보다 룸이 작았어요.욕조가 없는게 아쉬웠습니다.
그래도 깔끔해서 청결상태는 좋았습니다.
호텔 안에 편의시설이 좀더 많았으면 좋겠어요",2020-07-01
214,jonghee won,50,"역시 신라스테이
청결 쾌적 조식 굿굿
친절 편안
커피 두잔 마시고 싶어요 ㅎㅅㅎㅎㅅㅎㅎㅅㅎ
하아
얼른 등록되라 리뷰리뷰몬",2020-07-01
215,Sung,50,"가격. 위치. 침구들 이정도면 가성비좋습니다.
군더더기 없는 깔끔한 숙소입니다
또 방문할예정입니다.
경복궁.여행위해 방문하였는데
잘이용 하였습니다",2020-07-01
216,JUN,50,서울에 올일 생기면 항상 여기 묵습니다. 깔끔하고 조용해서 매번 이용해요~ 언제나 좋은 위치로 잡아주셔서 다음에 또 찾아 올려구요,2020-07-01
217,Don Joe,40,"체크인시 직원분이 친절합니다.
바깥은 빌딩숲이지만 가격대비 만족합니다.
푹신한 침대가 최고입니다.
날이 좋아서 좋네요.",2020-07-01
218,JONGHYEON,40,"가격대비 아주 최고라고 선뜻 말하기는 조금 애매한 곳

룸컨디션이 애매한 경우가 꽤 있다
(3박 동안 매번 사소한 청소 문제가 조금씩 있었다는 뜻)

특히 노후되어 생기는 사소한 문제에 대해 크게 신경을 쓰지 않는 듯한 모양새

콘센트의 경우 제대로 꽂히지 않는 곳이 있어 안전이 조금 걱정된다거나

에어컨을 틀었을 경우 초기에 냄새가 나는 등 무시할 수 있을 정도의 사소한 문제들이 있다

서비스는 나쁘지 않고 최근 값이 저렴해 고려할 수 있을 정도

더 비싼 값에 오고 싶지는 않다

좋은 뷰를 받았으나 창문이 깨끗하지 않아 뷰를 기대할 정도는 아니다

그러나 좋은 위치에 안락한 방이었고

업무 수행을 위해 왔기 때문에 큰 불만은 없어 4점",2020-07-01
219,ahiny,50,"코로나로 인해 마스크 쓰시고 불편함이 많으실텐데도
친절하게 응대해주신 직원들께 감사합니다.
객실은 생각보다 세월의 흔적이 있지만
그래도 깔끔하였습니다",2020-07-01
220,.do,50,"청결하고 침구류도 푹신하고 전체적으로 좋아요.
역 바로 앞에있어 접근도 쉬워요
차 소리나 옆방 나갈때 소음 조금 났어요
옆방소음은 없어요",2020-07-01
221,LES,50,"연수로 서울에 왔습니다.
호텔같은 느낌이 들고 쾌적하고 기분좋게 지낼 수 있어 마음에 꼭 듭니다. 청소상태도 좋고 요즘같은 때는 더 절실하지 않을까 싶습니다.",2020-07-01
222,andy,50,깔끔하고 있을거 다있고 침대도 푹신하고 근처에 먹을대도 많고 프론트 데스크 직원들도 친절하고 지하1층에있던 뷔페도 아주 좋았습니다,2020-06-01
223,woolakim,50,비지니스 호텔로 더할 나위 없습니다! 책상과 콘센트가 있어 업무하기 편하고 역 바로 앞이라 교통도 편히 했습니다. 강추해요,2020-07-01
224,Sangil Lee,50,"출장때 사용하는 신라스테이 깨끗하고 접근성이 좋고
직원들이 친절하네요 주변 편의시설을 맛집도 많아서
자주 찾아오는곳이 되었네요
그리고 도로 소음은 있지만 그래도 실내 층간 소음 등이 없어 조용합니다",2020-06-01
225,이기쁨,50,체크인보다 2시간 이른시간에 도착해서 뷰 좋은곳으로 무리한부탁을 했지만 직원분이 최대한 가능한 방으로 준비해주셔서 뷰좋은곳에 머무름,2020-06-01
226,Yoon boyoung,40,"서대문 신라스테이 가성비 너무 좋네요^^
룸이 좀 작긴하지만 하루 쉬기 좋아요
담에 기회도면 또올께요
갈끔하고 뷔페도 좋아요",2020-06-01
227,Bgw,40,"일단 프론트 직원분 너무 친절해서 고맙습니다
침구 청소상태 모두 만족합니다 잘쉬고갑니다^^
다음에도 선택한다면 신라스테이 선택할꺼같아요
가격도 위치도 대만족입니다 ㅎㅎ",2020-06-01
228,jonghyeon,30,이번에 야놀자로 예약했는데 24층 고층뷰에 위치도 서대문역 바로앞 최곱니다!다음에 또와야겠어요 페키지도많아서 재밌네요ㅎㅎ,2020-06-01
229,Tuyou,40,"가성비 너무 좋은 호텔이에요~

비즈니스 호텔이니 좀 좁아도 침구가 너무 편해서 좋아요..
숙박은 너무 잘했어요~
그런데 라운지바 직원분이 불친절해서..그게 좀 아쉬웠네요.
그것빼고 다른면은 너무 좋았어요",2020-06-01
230,지안김,50,바디워시랑 로션향 너무 너무 좋아서 기분이 훅 좋아졌고요 전망도 좋아요 직원분들도 친절하세요! 만족합니다~♡♡또 오고 싶어요,2020-06-01
231,ej k,40,가성비 있게 호캉스 하기 좋습니다. 위치도 아주 좋아요! 근처 명동이나 광화문에서 놀다가 와서 묵기도 아주 좋습니다! 추천해요! 하지만 에어컨이 조금 덜 시원하네요~ 한여름엔 더울수도 있겠어요!,2020-06-01
232,승빈 임,50,아침 맛있고 서비스 문제없고 가격 좋습니다 주차도 걱정 안해도될거같아요 객실도 오래된 느낌이없고 잘 관리되고 있습니다,2020-06-01
233,Wooyeon K,50,"호캉스 목적으로 가볍게 와서는 푹 쉬고 잘 있다 갑니다.
침구 및 위생상태 아주 좋아 편안했고 아침 조식도 좋았습니다. 근처에 광화문광장 도보로 이용하기도 편했습니다.",2020-06-01
234,Moo,40,"편안하게 릴렉스하며 지내다 갑니다.
직원들도 친절하며 특히 필요한것이 있으면 즉각적으로 빠르게 피드백하는점이 매우 인상적이었습니다",2020-06-01
235,Christine Hong,40,"신라스테이 역삼, 해운대 묵어봤고 서대문은 처음이에요.
신라스테이 어딜가나 인테리어 어메니티가 같아요 ㅎ
신라스테이 서대문이 위치가 짱짱이네요~ 서대문역 8번출구 바로 앞이구요~ 단 대로변이라 창문 닫아 두어도 약간의 소음은 감안하시구요~
불편함 없이 잘 묵었다 갑니다!",2020-06-01
236,Hyo,40,"숙소는 좋습니다. 부족함없이 잘 지냈어요. 위치도 훌륭합니다. 주변 인프라도 훌륭하고, 모든 면에서 만족스럽습니다. 감사합니다",2020-06-01
237,준혁 권,40,"전체적으로 괜찮았어요!!
위치나 청결상태나 대부분 맘에 들었고
패키지 구성도 좋았으나
체크인할때 사람이 많아서 기다리는게 좀 힘들었고
체크아웃시 엘리베이터 전쟁...",2020-06-01
238,Hong,10,아무리 무료 쿠폰으로 하룻밤을 묶으러 왔더라도 들어오자마자 front 의 불친절한 목소리를 들으면 3층에있는 방으로 들어왔다. 화장실을 들어와서 들러본 결과 헉! 욕조앞에 곱슬머리카락 3가닥이 바닥에 있는걸 보고 정말 불쾌함을 느꼈다. 아무리 무료 쿠폰 투수객이라지만 이건 아닌것같아 그냥 참다못해 체크아웃했다. 코로나 시점에서 이런식으로 불쾌감을 주는 호텔은 어떤 호텔인지 모르겠다.,2020-06-01
239,Jounga,50,"서대문 신라스테이 두번째 방문 입니다
위치도 좋아 어디든 움직이기 좋고 청소도 말끔히 해주셔서 편안합니다
3박 예정이라 아직 숙박중인데 좋은 기억으로 남을것 같아요
다시 방문하고 싶습니다",2020-06-01
240,GDEH,50,"데스크 직원분의 친절한 서비스, 편안 침대와 전반적으로 쾌적한 실내 구성에 만족스러운 휴가 보냈습니다. 다음 번에도 재방문 하겠습니다.",2020-06-01
241,cminhu,40,"22층에 머물렀고, 방이 깨끗해서 좋았습니다. 직원분도 친절하셨어요! 2박 3일 일정이었는데 다음날 침구도 깨끗하게 정리해주시고, 타올 같은 것도 새걸로 다 교체해주셨어요. 만족합니다",2020-06-01
242,지원 윤,40,"디럭스 더블룸 64000원 정도에 숙박했는데, 지금이 좀 싼 시기인지는 모르겠지만 이 가격이면 가성비는 최상인 것 같아요. 인테리어나 위생도 괜찮고 어매니티도 아베다로 제공되어 성의없거나 모텔 같은 느낌은 전혀 없습니다. 다만 침대 시트가 찢어진 부분도 있고 좀 지저분해 1점 내렸어요.",2020-06-01
243,koyou,40,서비스도 좋고 깔끔하고 좋습니다. 직원들도 친절하고 여러모로 숙박하기 좋은 곳 같습니다! 다음번에도 이용할것 같습니다.,2020-06-01
244,Doyeon Kim,40,신라스테이 답게 깔끔하고 시티뷰도 좋습니다. 편안하게 쉬면서 일하기도 좋은 것 같아요. 가격대비 가성비가 좋은건 아니지만 아깝지는 않습니다!,2020-06-01
245,Suilsong,50,트윈룸 깔끔하고 욕조로 있고.. 신라스테이만의 분위기가 너무 좋았습니다. 추천합니다. 비즈니스로 숙박하였는데 조식포함 가격도 저렴하네여,2020-06-01
246,asd111,40,하루 묶을 곳을 찾아보던 중 신라스테이로 오게 되었는데 방문을열자마자 심플함과 세련함이 좋았어요 무엇보다 농협사거리 뷰도 좋았고요 한번쯤 다시 찾을듯합니다,2020-06-01
247,annie k,40,"저렴한 가격.서대문역 도보 10초의 좋은위치.
깨끗함이 장점
좀 좁은게 단점이긴 하지만 그래도
단점을 충분히 커버할만한
장점이 많은 호텔입니다",2020-06-01
248,경수 김,40,"객실 넓고 , 체크인 직원분 친절하게 잘해주십니다.
잘쉬고 갑니다. 이번, 지난번 둘다.
고층 전망 좋은방으로 잘쉬었습니다!
뷔폐도 전화예약시 할인되는 행사하고 있네요.",2020-06-01
249,Min Jung You,40,"출장 때문에 일박하게 되었는데, 힐링까지 함께 할 것 같아요. 저렴한 가격에 아베다 어미니티까지있어서, 앞으로 자주 올 것 같은 기분! 지하철역도 바로 코앞이고 근처에 마트 편의점도 있어요.",2020-06-01
250,Son gayeon,40,깔끔하고 좋아요 ㅎㅎ 비즈니스호텔로 나쁘지않아요. 중식도 맛있어요. 가지수는 많지않지만ㅎㅎ 가볍게 먹고가기 좋을것 같아요,2020-05-01
251,미유 김,40,"룸 인테리어가 깔끔하고 침구가 편해요
어매니티가 아베다인 것도 마음에 들어요
신라스테이는 역시 신라스테이네요
서대문이 다른 지점보다는 위치가 좋은편은 아니지만 서대문역 출구 바로 앞에 위치해 있어서 괜찮습니다",2020-06-01
252,W G L,40,전체적으로 보통 수준의 비지니스호텔 입니다. 같은 비지니스급 체인호텔에서 제공되는 면도키트가 제공 안되는게 아쉽네요...,2020-06-01
253,아리수 아,40,"언제나 깔끔하고 매우 좋습니다
근처에 맛집도 있고 교통도 편리해요
다만 주차공간이 조금 부족한게 아쉬워요!
다음에도 방문 예정입니다",2020-06-01
254,Dandy lee,40,"좋아요
가끔 오는데
저녁 먹고 즐길거에요
무제한 맥주가 기대 됩니다만
안주 고민이 있네요
오십자 채웁니다
아아아아아아아아아아 신난다",2020-06-01
255,Jiyea P,10,프론트 직원은 호텔의 첫 인상인데 신라호텔 계열 브랜드 이미지와는 너무 다르네요. 차라리 체크인 기계를 들여놓는게 낫겠습니다. 타 지점과 서비스가 너무 상반되네요.,2020-06-01
256,kim byoungwook,40,"욕실에 물이 안 빠져서 조금 불편했습니다
칫솔치약은 구비되어있어 좋았고요
욕실에 물은 안 빠지고 욕실에 신발도 없어서
이게 가장 불편했네용 다른건 괜찮았습니다",2020-06-01
257,HSW,30,"가성비는 좋습니다.
객실 먼지가 청소가 미흡하고, 직원분들이 조금 더 친절하면 좋겠습니다. 주차장 협소해서 만차인 경우 옆 빌딩에 주차를 하고 호텔로 이동하는 번거로움이 있습니다.",2020-05-01
258,희우 박,50,"광화문일대, 종각, 서울역, 경복궁 이쪽을 방문 계획이시라면 신라스테이 서대문 추천합니다! 중간에 있어 위치가 매력적이에요. 그리고 객실료가 타지점에 비해 저렴하고, 초역세권이라는 매리트가 있습니다. 객실상태는 전반적으로 좋았구요, 아직 조식은 먹지 않았지만 믿고 먹는 신라스테이라서요! 프론트 및 예약 직원분들도 매우 친절하셨습니다 :)",2020-05-01
259,Lina Vin,50,"체크인 할때 Diana Na 님이 도와주셨는데 엄청 친절해서 기분이 좋았어요! 다른 직원들이 보고 배워야할듯합니다 다른분들은 그닥 친절하다는 느낌을 못받았어요
방컨디션도 좋고 냉방도 잘되었습니다!",2020-05-01
260,Exploration784322,40,처음 스태프 분의 환대가 좀 맘대들지않았지만 대체적으로 편안하게 지내다 갑니다 어메미티가 조금 부족한것 빼고는 괜찮은데 공기청정기가 따로 비릴수가 없다는게 ㅡ아쉽내요,2020-05-01
261,Mhlee,50,방상태도 좋고 가격도 좋았어요. 조식도 작지만 괜찮습니다. 룸도 욕조 있는방으로 받아서 잘 즐겼어요. 다만 사람이 많아서 체크아웃 할때 엘레베이터 타는거 힘들었어오 ㅎㅎ,2020-05-01
262,김민균,50,"시설도 좋고 깔끔하니 관리가 잘 되어있었습니다
편의시설도 잘 배치되어있고 무엇보다 코로나 때문에 걱정이였는데 일회용으로 잘 비치되어 편리했습니다",2020-05-01
263,양송빈,50,"우선 깨끗해서 너무 좋아요!
서비스도 좋고 디자인도 고급스러워서 너무 맘에 들어요~
주변에 놀거리가 많이 없다는점은 아쉽지만 소소하게 놀고 쉬다가기에는 좋구 호텔자체는 최고입니다.
이제 중식 먹으러 갈 건데 벌써 기대되네요..
고객을 위한 호텔인거같아요!저희가 예약한 방은 작은 방인데도 호캉스 하고 가는 기분 들어요~
편하게 잘 쉬다갑니다~담에 또 방문 하고 싶어요.진짜루 강추합니다♡♡",2020-05-01
264,younha j,50,지하철 역 바로 앞에 있어 접근성이 좋습니다. 해당 호텔 주차장이 만차로 인근 주차장으로 안내받았으나 큰 불편함이 없습니다.,2020-05-01
265,Jongha,50,방음 잘되어 친구들과 마음껏 떠들며 술먹을수 있었습니다 도심이라 차없는 친구도 편히 올수 있습니다 직원분들 모두 친절하시고 코로나 대비 체온도 꼼꼼히 재주셔서 안심하고 지하바도 이용할수 있었습니다 또 이용하겠습니다,2020-05-01
266,유승구,50,서대문 신라스테이 위치 시설 다 너무 좋고 직원도 친절하고 조아요조아여어져어자여어ㅏ굿굿 ㅎㅎㅎㅎ또오겟습다ㅎㅎㅎ,2020-05-01
267,Gawon M,50,깨끗하고 위치도 좋습니다.조식도 깔끔하고 음식이 빌때마다 바로바로 채워주셔요!! 직원들도 친절해서 항상 신라스테이 이용해요ㅎㅎㅎ,2020-05-01
268,KIM HYEJUNG,50,친구들과 호캉스 재밌게 보냈습니다 룸컨디션도 청소상태도 매우좋았고 친절하시고 즐거웠습니다 다음에 또 이용할께요,2020-05-01
269,Bred Kim,40,"깨끗하고 편안한 비교적 괜찮은 숙박시설 입니다
조식도 포함하면 가격도 합리적인듯 합니다.
이불 시트는 당연히 뽀송하고 화장실도 깨끗했습니다",2020-05-01
270,ahreum,30,"낡은 느낌이 약간 있어요. 냉장고 열었더니 머리카락 뭉치가 있었어요...
그리고 뷰가 좋은쪽도 있지만 저는 좋지않은 방으로 배정받았네요",2020-05-01
271,nearing_d,50,출장차 서대문 신라스테이 묵었습니다 위치가 택시기본요금정도로 서울역과 가깝고 지하철역 서대문 7번출구 바로 접근가능해서 교통이 편합니다. 침구상태는 물론 룸컨디션 좋습니다,2020-05-01
272,dndicnf,50,"제공되는 조식이 정갈하고 맛있어요
룸 조용하고 깨끗하고 주변에 식당도 많고 옆건물 일층에 편의점이 있어서 편하고 좋았습니다",2020-05-01
273,Song,50,전망도 좋고 깔끔하고 직원들도 친절하시고 조식도 맛있었어요 다음에 또 가고싶어요! 가성비 좋아요 위치도 역 앞이라 좋아요,2020-04-01
274,M.M.M,50,아침에 인근에 가려고 여기저기 알아보다가 가장 깨끗하고 저렴한 곳으로 골랐습니다. 혼자서 보내기 딱 좋다고 하셨습니다.,2020-04-01
275,Theo Kim,40,생각보다 조용해서 좋았는데 방에 미니바(냉장고)가 없어서 약간 불편했습니다. 하지만 침구류 같은 것들도 괜찮고 전반적으로 매우 만족합니다.,2020-05-01
276,민지 정,40,룸변경요청에도 친절하게 잘 응해주셨습니다. 코로나 때문에 시설과 관련해서 이용에 제약이 있는부분이 아쉬웠습니다. 2층에 마련된 비즈니스룸도 1층으로 옮겨져서 비지니스룸이라고 칭하기에는 다소 부족한 면이 있었다고 생각됩니다. 조식과 중식도 이용할 예정으로 실망하지 않았으면 좋겠네요.,2020-05-01
277,문선영,40,부담 갖지않고 호캉스즐기기에 좋습니다. 신라호텔이랑 같은침구류 쓴다는 얘기를 들었는데 다른곳보다 더 좋은것 같습이다. 조식패키지 이용했어요. 기대하지않있는데 조식은 알찼습니다.,2020-05-01
278,Justin Hakjun L,50,서대문역이랑 매우 가깝고 버스정류장도 바로 앞이라 아주 편리했습니다. 에어콘이 약한게 아쉬웠지만 편하게 묵고 갑니다,2020-05-01
279,alexw761,50,"방 사이즈도 너무 적지도 않고 깨끗하고 편안합니다.
지하철역에서 바로라서 찾기도 편하고 위치도 아주 좋습니다. 야경도 좋으네요",2020-05-01
280,Yujin,40,"신라스테이 서대문에서 2박 보냈습니다. 내부도 깔끔했고, 무엇보다 지하철 서대문역이 바로 앞에 있어 접근성도 편리했습니다",2020-05-01
281,Song,50,간만에 동생이랑 여유롭게 호캉스 했는데 침대도 편하고 조식도 좋았습니다 ㅎ 코로나때문에 체크인시 열체크 등 꼼꼼히 체크하고 하니 더 안심되고 좋았습니다,2020-05-01
282,Hyo-sun Yang,50,"훌륭한 서비스와 괜찮은 시티뷰를 즐기며 편안한 1박을 즐겼습니다. 시설은 깔끔하고 좋으며, 주변 주차장을 이용하는데 가까워서 문제 없었습니다.",2020-05-01
283,bluebluesky,50,항상 믿고 오게되는 신라스테이 호텔. 그중 서대문점은 광화문 도심과도 가깝고 뷰도 훌륭하다. 깔끔한 숙소를 원한다면 좋은 선택지이다.,2020-05-01
284,주현 강,50,"교통도 편리하고 시설도 깔끔하고 만족합니다.
몇 번 와본 경험이 있어서 이 번에도 편하게 예약했어요. 종종 오늘 호텔이에요~",2020-05-01
285,Shinheebu,40,"자주자주니용하는 곳입니다
신라스테이 전지점 깔끔하고 가격대도 만족합니다
친구들이랑와도좋고 가족들이랑와도 좋습니다",2020-05-01
286,Meejeong B,40,"깔끔한 분위기.
어메니티는 아베다구요.
주차장은 자동차 엘리베이터 타고 내려가면 되요. 좀 무서웠네요.
다음날 중식까지 패키지로 되어있는거라 저렴히 잘 예약했어요.
신라스테이는 군더더기 없고 딱 필요한 거만 있어 좋아요.
마포점에서 저번에 묵었는데 서대문점이 위치가 더 좋네요. 굉장히 도심인거 같아요.",2020-05-01
287,JunAh Kim,40,서울 올 때 종종 이용하는 호텔입니다. 아늑한 분위기에 가성비도 너무 좋아서 추천해드리고 싶습니다. 특히 종로 쪽과도 거리가 가까워서 그 쪽에 볼 일이 있다면 이용하셔도 좋을 것 같아요,2020-05-01
288,Kim dong young,50,"서대문에서 숙박을 해야할때면 항상 먼저 검색해보는 곳.
시설 및 친절도, 침구 등 비즈니스맨에게는 최고의 호텔이다.
게다가 가성비 까지..!!",2020-05-01
289,Mia,40,"로비는 좀 좁지만 깨끗하고 코로나 관리도 잘 하시고 좋아용~
위치도 전철역 바로 앞이고 찾아가기도 아주 좋아요.
식사는 이용 안해서 모르겠네요.",2020-05-01
290,Chanyoung H,50,깔끔하고 출입인원 명부도 꼼꼼히 요구해서 신뢰가 갔습니다! 잘 쉬었다가요~ 어매니티도 필요한거 다있어서 편하고 좋았습니다,2020-05-01
291,Hyeonho Lee,50,"욕조에서 목욕도 하고 푹신한 침대에서 편안한 휴식을 보내며 힐링의 시간을 가졌습니다. 유리창이 지저분해서 전망이 좀 그렇긴 했는데, 그것만 개선되면 좋겠습니다.",2020-05-01
292,Dominique,50,"서대문 신라스테이의 장점을 몇 가지 나열해보자면, 우선 가성비가 좋습니다. 광화문 신라스테이에 비해서 면적은 넓지만 가격은 합리적입니다. 광화문까지 갈 때 산책삼아 정동길을 거쳐서 가는 것을 추천합니다~ 여기서 경희궁 동네도 걸어갈 수 있는데 그곳에는 멋진 카페들이 많습니다! ex.coffeest 가성비뿐만 아니라 실제 침구 상태나 욕실 상태도 깨끗해서 하룻밤 머무는데 (사실 그 이상 머무는 것도 좋지만) 어떤 불편함도 없습니다!",2020-05-01
293,Hyojin,50,"3명에서 쓰기에 딱인 스탠다드 패밀리트윈 룸
청결하고 공간활용 잘된 룸이예요.
피트니스도 잘 이용했어요.
아베다 제품도 맘에 쏙듭니다.
16층 전망도 맘에드네요",2020-05-01
294,Seoa,50,그랜드 스위트 룸에 머물렀어요. 서비스가 너무 좋아요. 청결합니다. 직원들이 너무 친절합니다. 리빙룸이 넓어서 짐 정리하고 활동하기 편해요.,2020-05-01
295,shin jae,50,"편하게 쉬다가 왔어요
시설이 너무 깨긋하고 좋아요,,,
감사합니다!!
서비스도 너무 감사드려요
자주 이용하겠숩니다
너무 깨굿해서 좋아여",2020-05-01
296,여행자,50,직원분들의 친절함에 감동했습니다.고급스럽고 깔끔한 방과 좋은 뷰가 좋습니다. 방안에 소파와 벽에 걸린 그림은 아늑합니다.,2020-05-01
297,HEEJIN JUNG,50,"깐깐한 엄마와 고심해서 고른 숙소였습니다! 가격에 비해 훨씬 고급진 숙소를 서울의 중심가에서 지낼 수 있다는 건 기본이고, 친절하신 직원분과 서비스 뿐만 아니라 청결한 숙소에 기분 좋게 머물다 가요! 5월은 행사기간이라 조금 더 많은 것들을 누리다가 갑니다. ^^ 체크인부터 세심하게 신경써주셔서 감사합니다!",2020-05-01
298,Toy613,30,"가격 좋으나(평일기준).

트윈룸은 두명이 쓰기에는 매우좁음.

혼자서는 더블룸을 추천합니당.

샤워가운이. 매우 낡았음. 환경을 위해서는 어쩔수 없겠지만요.

그러나 어메니티 아베다는 좋아요!",2020-05-01
299,Lee Jin Kim,50,깔끔하고 딱 묵기에 좋아요. 서울에서 이정도 가격으로 이 정도의 퀄리티의 숙소를 이 정도 위치에서 구하는 게 사실 쉽지가 않잖아요. 여러가지 고려하면 최고의 숙소인 것 같습니다,2020-05-01
300,Son Ho,50,"호캉스 목적보단 간편하게 업무를 보거나 일처리 할 때 아주 좋습니다. 객실은 작지만 알차고, 아베다 어메니티 좋아요. 위치도 서대문역 사거리에 있어요.",2020-05-01
301,최지호,50,"복잡한 생각을 털고자 찾았는데 호텔도 쾌적했고
잠시나마 행복했습니다 잘 지내다 갑니다 감사했어요
나중에 또 방문할게요",2020-05-01
302,Michael Jang,50,"19층 배정 받았는데 뷰가 좋은 건 아니지만
고층이라 그래도 답답함은 없어서 좋았어요^^
깨끗하고 친절하고 주차도 편한 편이고
가격도 너무 좋았어요
라운지나 조식 뷔페 가격도 좋고
음식도 괜찮은 편이었어요 ㅎㅎ
어메니티도 좋고 룸 내에 비치된 카피도 괜찮네요^^
다만, 욕실에서 약간의 냄새가 나서...

다음에 또 올거에요
신라스테이는 처음인데
좋은 인상 받고 갑니다.",2020-05-01
303,Sungheon,50,"일찍 왔는데 방 잘 잡아주셔서 편하게 잘 쉬다갑니다~
그런데 미리 준비 되있는 방이 없어서 그런가 좀 지저분한 방을 받긴했어요 ㅠㅠ 주말에 얼리 체크인 할때는 참고하세요",2020-05-01
304,해믕이,50,"여행계획 취소하고 기분이라도 내려고 급 예약 ~ 아무 준비 없이 왔는데 편리하네요
깔끔하고 주말에 쉬기 괜찮아서 만족합니다",2020-05-01
305,Youngjae,50,"모든 분들이 친절하고 시설도 깨끗해서 몸과 마음을 힐링하고 갑니다. 조금 덥긴 했어요.
특히 저렴한 맥주와 안주가 최고 였네요~아침 조식이 너무 마음에 듭니다.
진정한 호캉스하고 가네요.
다음에 또 들를게요~",2020-05-01
306,Ruru,50,호캉스 하러 왔는데 잘 쉬다 갑니다. 발열체크나 기타 코로나 관리가 잘되어서 안심되요! 다음번에도 다시 오고 싶은 호텔입니다!,2020-05-01
307,jieun,50,"신라스테이 서대문, 프리미어 디럭스 더블
첫 방문인데 객실 컨디션도 좋고, 고층이라 뷰도 좋네요.
앞으로 자주 찾을 것 같습니다.",2020-05-01
308,HWIYUNG,50,"라운지바 이용한다니까 피맥 쿠폰도 챙겨주시고, 분위기도 좋았고 기념일 축하하러왔는데 확실히 기념일답게 멋지게 보낸것 같아 감사합니다. 특히나 위치가 매우 좋아서 놀랬습니다.",2020-05-01
309,J.M,50,"룸 컨디션도 좋고 조용히 쉬기 좋았습니다.
어매니티와 기본용품이 비치되어있어 편리했습니다.
무엇보다 역과의 접근성이 아주 좋습니다.",2020-05-01
310,Joseph,40,시티뷰가 이렇게 좋은지 몰랐네요~ 모든 지점 다 가보고싶네요 힐링하는 시간 가졌습니더 감사합니다~ 다음에는 또 오겠습니다!,2020-05-01
311,장지연,50,"좁지만 편안하고 좋아요. 깔끔하고 친절, 교통편리합니다. 차소리가 좀 나기는 하는데 저렴하고 좋아요. 화장실 깔끔, 침구 깔끔합니다",2020-05-01
312,jeon,50,"직원분들도 친절하시고 방은 깔끔하고 깨끗합니다
소음도 없고 이가격에 만족스러워요
다음에도 다시 예약하고 싶습니다",2020-05-01
313,최설애,50,"신라스테이에 자주 묵는데 아늑하고 편안합니다~^^
직원분들도 너무 친절하세요~~~
화장실 수압도 아주아주 시원하게 좋습니다~ 하하",2020-05-01
314,KIM JOO YOUNG,50,"서울로 출장와서 트윈룸에 숙박중인데 약간 좁은듯 하지만 합리적인 가격, 깨끗한 룸상태, 좋은 전망에 엄지척!!!
욕실에 욕조도 있고 화장실도 깨끗합니다. 좋습니다.",2020-05-01
315,Sumin Shin,50,"침구가 너무 포근하고 전체적으로 깔끔해요
예약을 잘못한 부분이 있었는데 레이트 체크아웃도 가능하게 하주시고 친절합니다",2020-05-01
316,CHAN,40,공덕 지점만 이용 하다가 서대문 지점을 이용했는데 주변에 사거리가 있어서 편의 시설 이용하기에 좋았고 호텔 룸컨디션은 체인점이니만큼 비슷했습니다. 다만 로비가 무척 좁아서 사람이 붐빌 시에는 불편함이 있을 수 있겠습니다.,2020-05-01
317,maskhj,50,"서울 놀러와서 서대문점에 예약후 방문했는데 인테리어도 깔끔하고 뷰도 좋았습니다
만족하고 잘 쉬다가요!
주차도 편하고 좋아요~!!",2020-05-01
318,Suin ha,50,"깔끔하고 숙박하기 좋아요. 혹시나 욕조 있는 방을 원하면 미리 요청해야함! 욕실도 깔끔하고 작은 소파도 있어 좋았어요
서대문역 바로 앞이라 8번 출구로 나와 바로 들어오면 좋습니다 ㅋㅋㅋㅋ",2020-05-01
319,민희 윤,40,깨끗하고 좋아요(특히 화장실이 널찍하니 좋음). 주차장은 협소해서 조금 불편하네요. 지하철역근처에 위치해서 대중교통이용이 더 좋겠네요.,2020-05-01
320,yujin oh,40,"신촌, 종로랑도 가깝고 가격도 적당해서 호캉스하기에 좋습니다!!
맥주무제한 이벤트도하고있어서 안에서만 먹고놀고도 가능합니다.
다음에 또 방문할의사가 있습니다",2020-05-01
321,jrr,40,"숙소 컨디션은 너무좋았습니다
침구류와 화장실 방 모두깨끗했구요
대신 카드키가 문이 잘 열리지 않아 조금 번거로움이 있었습니다.",2020-05-01
322,Kiho l,50,"주차시설은 협소하지만 옆건물에 주차가능하고요.
시설도 깨끗하고 욕실도 너무너무 깨끗하네요.
직원들도 너무 친절하네요~^^",2020-05-01
323,Bora kim,50,친구와도 신라스테이는 종종 오는데 서대문은 처음인데 프론트 직원분들도 정말 친절하시고 역시 객실도 쾌적하네요! 잘 쉬다 갈것같아요^^♡,2020-05-01
324,YOUNG,40,"처음으로 신라스테이에 첵인하게되었습니다
예약시 요청사항이 미리준비되어있어서 감사했었죠^^
깨끗한청소상태의 객실과 친절한직원들,가성비높은식음료등등
최근들어 기분좋은 숙박을 하게된 호텔입니다
다만,주차장이 조금 불편했어요
도심의 호텔이라...이해는 했어요",2020-05-01
325,Juhee,50,침구가 폭신폭신해서 쉬어가기 좋습니다! 방은 생각보다 넓고 조용하고 깔끔해서 좋아요ㅎㅎ 다음에 또 올게요!!! 잘 쉬고갈게요,2020-05-01
326,별e야,40,"삼성병원 입원때문에 미리 하루전날 서울와서 제일 가까운
신라스테이묵게되었어요 체크아웃2시 행사가 있어서 그걸로 결제 맥주2개 콜라 스팽글스 작은거 이렇게 서비스로 먹을수 있구요 밤 야경은 그럭저럭 침대도 편하고 화장실도 그럭저럭 욕조는 없구요 방은 무지 좁았어요 침구냄새는ㅈ그닥 좋아하는냄새는 아니였어요",2020-05-01
327,Leeyoungchae,40,"시설도 좋고 청결상태도 만족합니다
재방문 의사있습니다
이벤트를 자주한다면 더욱 자주 방문할듯 싶습니다
감사합니다",2020-05-01
328,Sujin Kim,40,안락하고 깨끗했어요. 쿠션에 다만 머리카락이 한올있었네요... 위치는 서대문옆 바로앞이라 편리해요. 근처에 갈만한 식당은 별로없어요,2020-04-01
329,yoon,40,저렴하게 5만원대로 묵고갑니다. 침구류가 편안했어요. 다만 욕실에 물때가 있고 방이 좀 좁은것이 아쉬웠습니다. 어메니티가 아베다여서 좋았습니다,2020-05-01
330,Yeonghee L,50,"상황에 맞게 체크인시간 조절해주시고
비즈니스코너에 유료 출력비용도 무료로 해주심.
좁지만 꼭 필요한 것들은 다 있네요.
코비드19땜에 피트니스 시설 쓸 수 없어서 아쉬웠어요.",2020-05-01
331,yoojin chelng,50,안내도 친절하게 해주시고 시설도 깔끔하여 여행하는데 만족스러웠습니다 다음에도 또 이용하러 오고 싶습니다 다른 사람에게 추천하겠습니다,2020-05-01
332,HSKim,50,깨끗하고 샤워기 수압도 적절했어요. 잘 머물렀다 갑니다. 놀 만한 곳들이랑은 거리가 좀 있지만 서울역이랑 가까워서 좋아요! 조식도 만족스러웠습니다.,2020-05-01
333,kim,50,"접근성 좋은 서대문 신라스테이 룸사이즈가 좀 작지만 주차도 무료고 깔끔하고 레지던스로는 아주 좋습니다.
조식패키지라 식사까지 아주 좋습니다.",2020-05-01
334,Dai jin Park,50,직원분이 아이가 있다고 하니 바로 욕조있는 방으로 업그레이드 해주시고 너무 친절한 배려에 고맙습니다 그리고 조식도 깔끔하게 잘나오네요,2020-05-01
335,영건 송,40,"웰컴드링크는 한잔이네요
5번출구로 무빙워크로 올라와서 길 건너는게
나아요
7/8은 계단만 있어서 캐리어 지참시는 어려움이 있어 보입니다",2020-05-01
336,ChanUk S,50,"심플하고
깔끔하고
서비스 좋고
위치 좋고
뷰도 좋고
대중교통 이용에 너무 편리하고
주차장은 작습니다.대신 옆 건물 주차장을 사용 할 수 있습니다.",2020-05-01
337,Hyojeonglee,40,"항상 신라스테이만 이용해요
조식도 맛있고 깔끔해서 좋아요~~^^
잘쉬다 갑니다~~
기념일 때는 어디 놀러가기 보다는 항상 이렇게 호캉스를 즐겨요",2020-05-01
338,Song,50,연휴 호캉스차 들렀습니다 기분전환되고 좋습니다 프런트에서 좋은 객실 냊 셔서 사거리 고층 배정받았구 장상태도 넘 깔끔 청결 기분 좋아졌습니다 재방문 의사있습니다,2020-05-01
339,Wayne Kim,50,"접근성 좋음(지하철 입구 바로)
친절한 프론트
다소 좁은 주차시설이 아쉽지만
서울 서부에서 묵기에는 좋은편입니다.
다음에 또 이용 의사 있습니다",2020-05-01
340,Jack,40,위치 시설 나무랄데가 없네요. 다만 온도 조절이 안되는가 같아 좀 더웠습니다. 지하찰 5호선 서대문역과 매우 가까워 아주 좋았습니다,2020-05-01
341,Jinny,40,"신라스테이 서대문점 27층에 묵었는데 기대했던대로 아주 조용하고 뷰도 훌륭했습니다☺️ 라운지바도, 조식도 아주 가성비 갑이었어요!👍🏻👍🏻 호캉스로 신라스테이 추천합니다~!",2020-05-01
342,Kelly Bae,40,혼자 묵으려고 했다가 친구 2명 늘어 여자 셋이서 수다 떨었어요. 방이 좀 좁긴 했지만 아늑하고 깨끗해서 편한 밤 됐어요 ^^ 잘 머물다 갑니다,2020-05-01
343,Cho inho,50,"정말 좋았던건 역앞이 바로 호텔이었던게 좋았습니다.
그리고 직원분들도 친절하시고 침대도 너무 편했어요
에어컨은 온도에 따라 자동으로 운전되는거 같았네요
편하게 쉬다 갑니다~",2020-05-01
344,규남매맘,40,"도심호텔이라 좁은건 이해되고..
침대 어매니티 다 괜찮았어요..
천정쪽 먼지 외에 비워둔 객실같은 느낌 살짝있었지만..
오랜만에 여행이라 나쁜생각은 안 들었어요...
문안쪽 신경 쓰시기바래서 손자국사진은 첨부합니다..",2020-05-01
345,손제석,50,객실도 깔끔하구 전망도 좋았구 서비스도 완벽했네요. 무엇보다도 저녁 라운지바가 매우 가성비 굿!감사합니다 다음에 또 뵈요!!!!!!,2020-04-01
346,Jiyoung,50,"깔끔하고 가성비 좋아요
친구들끼리 서울에서 호캉스 하기 좋아요
위치도 역앞에 바로 있어서 편리하고 근처에
마트도 있어서 편히 쉬었어요",2020-04-01
347,Jiuk jung,40,"깨끗하고. 편안한 룸입니다~ 아이도 좋아합니다.
넉넉한 룸 사이즈 입니다~
깨끗하고. 편안한 룸입니다~ 아이도 좋아합니다.
넉넉한 룸 사이즈 입니다~",2020-04-01
348,boeun,50,"연휴를 맞이하여 작년겨울부터 청와대 관람신청을해서 2020년5월1일에 가게되었는데 코로나때문에 숙소가 제일 걱정이었어요 좀 많이 잠잠해지긴했으나 방역이 괜찮을까 걱정을하며 몇날몇일 검색한결과 사람들이 여기가 깨끗하고 정말 추천한다고해서 리뷰를 꼼꼼히 읽어보고 결정하게되었어요.
결과는 대 만족이었습니다. 프론트에서 열체크는 물론이거니와 시설도 깨끗하고 직원도 친절하고....정말 간만에 편히쉬다가 갑니다. 담에도 여기로 숙소잡을꺼같아요",2020-04-01
349,Ds P,50,"깔끔하네요
쉬기에는 이만한 곳이 없는 것 같아요.
추천드립니다
코로나관련 방역도 잘 되고 있는 것 같네요
방문해보세요 추천!",2020-04-01
350,J Moana,50,"호캉스 알아보다가 서프라이즈 패키지 발견하고 좋은 가격에 묵네요!
코로나로 인해 움츠렸던 사람들이 대거 나들이를 나와서 그런지 객실은 만실인 것 같았고 체크인하면서 줄을 서보기는 처음이네요+.+",2020-04-01
351,Choi Sung Hwan,50,"직원분들도 모두 친절하시고 방도 깔끔합니다! ^^
제가 있던 방은 맨 꼭대기 층이라서 뷰도 좋았습니다.
서대문역 앞에 바로 있어 교통편도 편합니다.",2020-04-01
352,Kim,40,"쾌적하고 괜찮아요
방크기는 그렇게 큰거 같지 않은데
깔끔해서 괜찮네요
시티뷰인데 괜찮아요 티비는 좀 작아서 아쉬워요",2020-04-01
353,Minjeong kim,50,책상에 이렇게 따로 스탠드도 있궁 의자가 하나인 게 아쉽지만 옆에 작은 쇼파도 있어서 이야기하기에도 딱 좋아요. 샤워도구도 다 아베다 제품이어서 좋았습니당,2020-04-01
354,Strver,50,"가족 세명이 넓지는 않지만
깔끔하고 편안하게 잘 묵었더가 갑니다
저녁에 라운지바 이용을 못해본게 너무 아쉽습니다
다음번에와도 또 묵을거같아요
아참 위치도 정말 좋아요",2020-04-01
355,Kayla,50,"위치가 서대문역 바로 옆/버스정류장 바로 옆이라 굉장히 찾기도 쉽고 이동할 때에도 편리하고, 호텔 룸도 굉장히 깔끔하고 물품들도 정갈하게 정돈되어있어서 기분이 좋았습니다ㅎㅎ 직원분들도 굉장히 친절하셨어요! 재방문한건데 다음에도 방문할 것 같습니다ㅎㅎ",2020-04-01
356,Ms Lee,50,출장차 신라스테이 서대문에서 하루 보냈는데 다녀본 비즈니스 호텔중에 가성비 접근성 최고네요 강북권 출장시는 계속 이용할거 같아요,2020-04-01
357,Lee,50,날씨가 맑은날에 아침에 커텐을 걷으면 서울 시내 풍경을 볼수도 있고 올때마다 아늑하게 쉬고 다음날 비즈니스에 지장이 없게 좋은 위치에 있습니다,2020-04-01
358,Hydraft,30,"서울역과 서대문역에 가까운 신라스테이에 체크인했습니다. 사실 이 세그먼트의 호텔은 자주 머무르지는 않습니다만, 근처에 마땅한 대안이 없었네요. 아쉬운 점 첫째는 초반 욕조 악취 문제였는데 프론트의 빠른 대응으로 룸 교체를 받았습니다.

두번째는 교체된 룸의 옷걸이 몇몇개는 먼지가 수북하네요. 메이드분이 이런 사소한것을 놓쳤을것 같지는 않고 코로나 이슈로 인력이 축소 운영되는건 아닐까 생각합니다.

개인적으로는 롯데보다는 삼성을 선호해서 굳이 비즈니스급에 숙박을 해야하는 상황이라면 롯데시티 보다는 신라스테이를 선택합니다만 솔직히 하드웨어가 롯데시티에 비해서는 많이 뒤쳐집니다.",2020-04-01
359,Sskebxk,40,서대문역 앞 신라 스테이에스 하루동안 묶었습니다. 17층에수 바라보는 서울 중심부의 경관은 꽤 멋졌어요. 군더더기없는 실내 인테리어에서 공간 디자인의 심플함을 느낄 수 있었습니다. 조식도 훌륭했어요.,2020-04-01
360,Ji young,50,저희가 실수로 싱글 트윈으로 더블로 바로 바꾸어주셨어요 뷰 좋은 방으로 바꿔주셨다고 했는데 진짜 뷰가 너무너무좋아요,2020-04-01
361,Yoonrina,50,깔끔하고 모던하고 아늑한 느낌을 주었어요 답답하지도 않고 직원분들 서비스도 좋았어요 그냥 혼자 방해받지않고 편하게 쉬다갑니다,2020-04-01
362,Coastal745348,50,별 기대안했는데 생각보다 너무 좋아서 놀랐네요 특히 침구류가 가장 맘에들고 조명분위기더 마음에 들어요~ 다른 지역에 가도 신라스테이 이용할거같아여,2020-04-01
363,김경진,40,역시 신라답더군요. 군더더기없이 좋았습니다. 타 사이트 블로그를 보니 위생상 문제가 있단 글을 봤는데 전혀못느꼈구요. 위치 또한 좋았습니다. 연박을 했는데 조식이 2일간 메뉴가 똑같더라구요. 그 점이 조금 아쉬웠습니다.,2020-04-01
364,shin,40,욕조요청했는데 방이 다 찼다고 하니까 룸을 업그레이드 해주셨네요 감사합니다 종로와 북한산 청와대가 보이는 방입니다,2020-04-01
365,soyi,40,"집근처라 와봤는데 뷰는 그닥이지만 조식은 좋으네용
가끔 올 의향은 있어요
접근성좋고 서대문역 바로 앞이에요
서울 어디든 가까우니 굿",2020-04-01
366,jeongeun,50,친구 생일기념 모였는데 너무 좋아요. 객실상태 너무 좋고 직원분들도 친절해요. 지인들한테 추천하고 싶고 부모님 모셔서 서울구경도 하고 싶어요 ㅠㅠ,2020-04-01
367,Wontae Kim,50,객실도 너무 깨끗하고 직원분들도 너무 친절해서 잘 머물다갑니다. 다음에 서울오면 또 올거 같습니다. 신라스테이 정말 짱짱맨,2020-04-01
368,Merimori,30,"코로나19때문에 밖은 위험하고 호캉스라도 하러 왔어요.
신라 스테이 작지만 깔끔하고 시설도 괜찮습니다.
좋아요 또 놀러 와야겠어요",2020-04-01
369,JIN,30,"신라스테이 마포에서 얼마간 묵은 적 있어서 이번에 서대문점 방문했는데 방음이 너무 안되네요. 책상 가죽도 뜯겨 있는 부분 있구요 냉장고 서랍 문도 닫을 수 없게 고장난 것 같아요.
마포점에서 보낸 기억이 좋아서 신라스테이로 정한건데 좀 아쉽습니다. 그래도 다른 곳보다는 시설이라던가 청결은 더 좋은거 같긴해요.
서울 살면서 좀 쉬려고 온 곳인데 기대보다는 조금 아쉬웠어요.",2020-04-01
370,WOO,40,디럭스 룸치고 작은편이라 아쉬웠다 . 복도에서 하는 말이 다 들려서 방음이 완벽하진 않은 편이고 침구가 먼지 좀 있는편. 전반적인 호텔 상태는 양호했다. 위치 좋음,2020-04-01
371,Hae Jin S,50,금요일에 체크인 했는데요. 아주 깔끔하고 모던한 내부와 깨끗한 침구가 특히 마음에 들었어요. 다음에 기회가 된다면 재방문 하겠습니다.감사합니다.,2020-04-01
372,이채현,50,"가격대비 룸컨디션에 어메니티는 아베다,
깨끗하고 베딩도 좋네요^^
이 가격에 가성비 정말 좋습니다.
다만 예약시 부페이용에 대한 안내가 조금 더 자세히 이루어지면 좋을 것 같아요.
체크인 시 부페예약이 가능하다고 해서
당일 체크인 시 예약 요청드렸는데
이미 행사 대관으로 예약이 어렵다 하여
어렵게 일정을 조정해서 다른날로 예약 잡았어요.
보통 숙박 시 이용하게 되는 부페이용권인데
이용에 대한 문의를 전화로 드렸으나 그런언급이 없었거든요.
그 부분에 대한 세심한 배려가 이루어지기를 바랍니다.
나머지 룸에 대한 만족도는 너무 좋네요^^",2020-04-01
373,채현 이,50,"가격대비 룸컨디션 너무 좋네요
어메니티도 아베다네요 ㅎㅎ
다만 아쉬운 건 부페1+1 포함된 상품이었는데
미리 예약이 안되고 체크인 시 예약된다고 하셔서
체크인 하면서 부페 예약을 요청드리니
돌잔치 대관으로 예약이 어렵다고 하셨어요.
사전에 말씀해주셨으면 좋았을텐데
일정을 어렵게 조정하여 체크아웃하는 날 이용하기로 했습니다. 이런부분은 사전에 언급해주시면 좋을 것 같아요~",2020-04-01
374,Brown,50,"직원분들고 친절하고 방 상태가 아주 좋습니다
어메니티도 향이 아주 좋아요
방은 좀 좁지만 가격 대비 만족합니다.
침대는 100점이네요",2020-04-01
375,Hyuenjin,50,3번째 방문입니다 항상 편안하게 조용히 머물다가 가기 좋았습니다 다만 물은 2병만 무료 입니다 참고하세요 위치도 좋습니다,2020-04-01
376,hakyeong,50,"신라스테이 서대문 2연박 했는데
직원 분들도 친절하고 방컨디션도 너무좋았네요.
저렴한 가격에 좋은 방 이용해서 너무 좋았고 침구도 교체해주셔서 너무 감사했습니다.",2020-04-01
377,Choi Ki Cheol,50,"문을 열고 들어와서 짙은회색과 흰색의 색상대비로 깔끔한 디자인으로 되어있어서 너무 예뻤습니다. 침대옆에 작은 테이블과 조명도 있고 벤치도 있고 그 뒤로 예쁜 시티뷰도 보이고 너무 좋습니다. 입구와 침대를 분리하는 중문도 있어서 너무 마음에 들었습니다 ㅎ 늦게 일어나서 조식을 먹지 못한 것이 한이네요 ㅠ
다만 욕실문이 뻑뻑해서 열고 닫기가 조금 힘들었어요 ㅠ",2020-04-01
378,Nara,50,"어느 지점을 가도 신뢰가 가는 신라스테이!
서대문지점은 높은층을 배정해주셔서 전망이 너무 좋았고 주차는 기계식이라 좀 불편하지만 친절하게 안내해주셨습니다",2020-04-01
379,Sun,50,친절하고 편안하고 깨끗하고 좋았어요. 조용하고 교통편도 편리하고 찾아오기에 좋았습니다. 아무튼 다음에 또 방문하겠습니다.,2020-04-01
380,진미 송,50,"코로나 대비가 철저해서 안심이 되었어요. 체온도 모두 재고 설문도 작성하구요.
뷰도 좋고 어매니티도 아베다여서 좋았습니다.",2020-04-01
381,J. Yun,40,신라스테이 서대문 두 번째 방문입니다. 처음에 방문 했을 때 너무 좋아서 또 방문하였으나 저번보다는 조금 아쉬운 룸 컨디션이었습니다. 들어가자마자 입구 쪽에 꼬부랑 털이있고 세면대에도 있고 커텐은 조금 얼룩져있더라구요. 코로나 때문에 유ㅣ생에 민감한 상황인데 조금 아쉬운 부분이었습니다. 그리고 티슈도 겨우 2장 들어있어서 바로 추가 요청했고 욕실에 발판?수건도 있으면 좋을거 같은데 없네요. 샤유부스가 힌지 부분에 고무로 막아놔야지 물이 안새는데 그게 없어서 밖으로 물이 많이 샜습니다. 다만 직원분들은 너무 친절하시고 침구류라던지 청소 상태를 제외한 전반적인 룸 컨디션 자체는 다른 곳과 비교하여 좋은 편이라고 생각합니다.,2020-04-01
382,EJJ,40,"주말에 여유롭게 서울 도심까지 걸어다닐 수 있고, 교통도 편리하고 어메니티, 객실 상태 등 나무랄데가 없네요.. 다만.. 제가 이용하는 동안에는 창문 청결상태가 좋지 않아 뷰가 좀 거슬립니다..",2020-04-01
383,노마드,50,"호캉스하러 신라스테이 서대문지점 방문했습니다
구로점이랑 고민했는데 위치가 훨씬좋네요
로비에 직원분들 다른 호텔에 비해서 더 친절합니다.
더블룸인데 크기는 좀 작긴하지만 컴팩트한 느낌으로 아늑합니다.
샤워실은 살짝 물때가 있어서 아쉽긴했네요.
비데 수압이 만족스럽습니다

조식 깔끔하게 잘나옵니다.
충전기는 대여안되고 맡길수만 있습니다

다음에 또 방문하려고합니다",2020-04-01
384,성훈 정,40,"출장이 있어 장기투숙했습니다.
카운터 직원분들 모두 친절하셔서 좋았고
매일 청소깨끗이 해 주시고, 뷰도 좋았습니다.
추천합니다.",2020-04-01
385,Travel,10,"Elin 직원분께서 체크인 해주셨는데 데스크 앞까지 갔는데도 앞을 보시지 않더라구요. 서류정리하느라 바빠보이긴했지만 손님이 앞에 섰으면 인사라도 해주셨으면 합니다.. 체크인끝날때까지 앞을 한번 안보셨네요. 친절은 바라지않고, 예의만이라도..
룸 컨디션과 호텔 접근성은 좋았습니다!",2020-04-01
386,Hyeweon,40,"갑자기예약했는데 저렴한가격에 친구들과 잘놀다가는거같아요~
방도깨끗하고 침대도편했어요
조식도맛있었고다음에또놀러올게요",2020-04-01
387,jay,40,마포점보다 서대문점이 깔끔하고 괜찮네요 중식도 괜찮아요. 다만 와인잔을 가지러 지하로 내려가는게 불편했지만 가성비좋은 호텔,2020-04-01
388,sunnykwon14,40,가격이 저렴한게 제일큰장점! 룸크기도 적당히 크고 좋아요 간이 쇼파랑 테이블도 있어서 아늑한 느낌이구요! 다만 서비스가 조금만 더 친절했으면 좋겠어요,2020-04-01
389,LeeJongsun,50,"1. 확실한 방역 - 설문 및 열체크
2. 친절한 서비스 - 성의있는 설명 및 요청 수용
3. 룸컨디션 - 깨끗, 청결

3가지만 봐도 모두 만족합니다.
잘 쉬었다 가겠습니다. 감사합니다.",2020-04-01
390,Tsu,40,"우선 프론트 직원분들이 친절하다는 느낌은 받지 못했습니다.
그리고 화장실 내에서 알수없는 불쾌한 냄새로인해서 씻을때마다 불편했습니다.",2020-04-01
391,한길 서,50,도심에 있어서 뷰도 좋고 무엇보다 조용한 편이에요 회사랑 가까워서 앞으로도 종종 이용할 것 같아요. 다만 객실이 작은 점은 단점 가격이 저렴해서 그런가,2020-04-01
392,Seunghee Heo,50,서울 여행으로 머물게 되었는데 기본적인 어메니티도 아베다 제품이라 마음이 놓였고 잘 구비되어 있었습니다ㅎㅎ다시 투숙할 의향이 있습니다ㅎㅎ,2020-04-01
393,BAK,40,"위치 위생 먼지 침대 편안함 다 좋았는데
상온의 생수에 초콜렛 묻어있었어요 꽤 많이

그거빼고는 다 괜찮았어요 구로에 비해 약간 작긴 한데
화장실도 깨끗학 좋네요",2020-04-01
394,강원구,50,"깔끔하고 가격대비 잘지내다 갑니다
직원도 친절하고 역시 대기업 호텔이라는 생각이드네요
재방문 호캉스 올려구요 감사합니다",2020-04-01
395,황윤성,50,직원들이 친절하고 시설이 깨끗해요 코로나때문에 피트니스클럽을 이용할수 없어서 아쉽지만 아주 기분좋은 호텔이네요,2020-04-01
396,Anna,40,"깨끗하고 좋아요~
조용해서 잠도 잘잤네요ㅎㅎ
서비스도 좋고 직원분들이 아주 친절하세요!
항상 잘 이용하고있습니다. 감사합니다:)",2020-04-01
397,KIM YU JIN,50,집에서 접근성도 좋고 바로 앞에 역이라 다녀오기 최적인것 같아요! 조식도 깔끔해서 맛있고 요청사항 들어주셔서 엄마와 최고의 여행 보내고 왔습니다!,2020-04-01
398,ㅂㅅㅁ,40,정말 딱 필수적으로 있어야 할 것들만 있었습니다. 침대 화장실 그리고 렘프와 식탁 tv. 그러나 화장실은 정말 좋았습니다. 비데설치가 되어있었고 깨끗하고 바디워시도 향기가 좋았습니다. 친구들이랑 놀러갔는데 정말 좋았던 것 갔습니다 다만 방이 좁아서 침대 위에서만 놀수 있었습니다.,2020-02-01
399,Lynette,50,"방이 생각했던 것보다 조금 작기는 했지만 애들이랑 셋이 묵기에는 딱 좋았어요. 조용하고 깨끗하고 따뜻하고, 가격 대비 최고예요^^",2020-04-01
400,Hodoomon,50,"신라스테이 서대문점 디럭스 트윈 객실 1박 투숙했는데, 아늑하고 필요한건 다 있는 실속형 호텔입니다!
주차장이 만차이면 옆 건물 주차장을 이용할 수 있어서 걱정하시지 마시구요~ 신라스테이 좋아요!",2020-04-01
401,donghyeon kim,50,객실상태 깔끔했습니다 잡냄새도 없었구요 체크인 시간은 3시로 거의 엄격하게 지켜지는거 같습니다 그전에 오려면 만원가량 추가요금이 필요해요,2020-04-01
402,Woori C,40,"역시 신라스테이 아주, 깔끔합니다.
서대문역에서도 아주 가까워요!
근처에 맛집도 있구요!

다만, 호텔내 주차장에 자리가 없어서 옆건물에 주차를 했는데, 그게좀 번거로웠어요!",2020-04-01
403,Eun jeong,50,"신라스테이 근처 다른 지점만 이용해봤는데 서대문 지점 위치도 좋은편이고 주변도 조용해서 좋네요
친절한 서비스 감사합니다",2020-04-01
404,Sang yun lee,40,신랑의 잦은 야근과 집에오면 육아로 지친 우리 두 부부의 삶의 도시 휴식처🧡이자 기념일 보내기 최고의 장소 아이들과 함께오면 조식뷔폐까지!1+1,2020-04-01
405,경원이,30,"월차를 내고 혼자 쉬러 왔네요
직장인의 월급으로 가성비가 중요하기에
가까운 신라스테이로 결정
서대문 신라스테이는 욕조와 샤워부스 선택을 해야하는지 모르고 입실후 샤워부스에 당황ㅜ 다음부터 꼭 예약시 욕조로 예약하고 와야겠어요 잘쉬다갑니다",2020-03-01
406,andrew jo,40,"호텔 내 부대시설이 롯데시티호텔이나 글래드 등 비슷한 급의 다른 곳에 비해서 조금 없는 것 같은데요. 주변에 카페 등은 다 있기 때문에 불편함은 없습니다.
룸 컨디션이나 화장실 청결도 모두 좋고요. 오히려 객실은 기대했던것 보다 넓고 구성이 잘 되어 있는 것 같습니다.다른 신라스테이보다도 조금 더 넓은 것 같아요.

객실 위주로만 딱 쓰실 분들에게 추천합니다.",2020-03-01
407,Extraordinary691931,20,방은 생각했던 것보다 더 작았지만 욕조가 있어서 이점은 만족스러워요. 하지만 트윈베드를 한쪽으로 붙여주었다는 인터넷글을 보고 그렇게 했는데 먼지가 많아서 그냥 치우려다가 방에 휴지도 없더라구요. 전화로 좀 치우고 싶다고 조심스럽게 프론트에 말했는데 짜증나는 목소리로 한숨쉬면서 침대밀면 안된다고 하던 남자분.. 당황해서 인터넷에서 보고 했다고 말했는데도 끊고나니 무척 불쾌하네요. 방에 오자마자...청소해주시는 분은 엄청 친절하셨어요. 그리고 히터를 틀어도 가동이 안되서 문의하니 중앙난방이라고 안나오는 시간이라고 하시네요. 오늘 기온도 낮고 6시 넘은 시간까지 가동안하시는건 무리같아요. 라디에이터 주셔서 겨우 틀었어요. 다른 직원분들은 모두 친절하셨어요.,2020-03-01
408,Gajin P,40,One more stay 행사 활용해서 와서 6월에 해운대 여행에서 1박 더 할 걸 생각하면 최고의 가성비인 것 같습니다. 욕조도 있고 룸 컨디션도 나쁘지 않고 주변에 맛집이 많아 포장해와서 먹기에도 좋았습니다.,2020-03-01
409,DEJ,20,"욕조가 있는거 같아서 이쪽으로 특별히 예약했는데
체크인 할때 욕조 객실이 다 나갔다며 샤워 객실로 드리겠다고 말씀하셔서 당황스러웠습니다... 그러면 욕조와 샤워 객실 종류가 2개라던지 선착순 배정 등 안내사항이 있어야 되는거 아닌가요... ㅠ 그리고 신라스테이 이름값이 있으니 기대했는데 침대밑과 창틀은 청소가 안 되어있고 방도 좁고 방안에 무드등도 많이 낡았네요... 비추..",2020-03-01
410,김다정,30,욕조방이 없어 샤워부스로 배정받아 조금 아쉬웠지만 전체적인 방은 만족스러웠습니다 하지만 침대밑과 협탁에 먼지등 디테일한 부분이 아쉽습니다ㅠ,2020-03-01
411,규우리,50,"전체적으로 깔끔하고
야외활동하기힘든 요즘에 정말 좋은 선택이었던것같습니다!직원들도 위생에 전부신경써주시고 편하게 쉬고갈 수 있었습니다~",2020-03-01
412,hoonji ji,50,"신라스테이 다른 지점 많이 가봤지만
서대문 처럼 친절하고 만족스러운 곳은 없음
원래 2박하고 다른 곳에서 1박 예정 이였으나
너무 좋아서 1박 연장해버림
지하철역 도보 10초 바로 앞에 있음
다음에 또 방문할 것임",2020-03-01
413,ktktk,50,"티비도 고화질로 봤고, 화장실도 깨끗하고, 침구도 두툼해서 편안하게 잘 잤습니다
쪼아요여여여여여요요요용요요요요용용",2020-03-01
414,석우김,50,신라호텔 침구와 같다고 해서 신라스테이 서대문점을 찾았습니다. 일하고 지쳐서 들어왔지만 숙소에서 편히 쉴 수 있어 호캉스 기분이 나네요. 뭐하나 흠잡을게 없어요,2020-03-01
415,GiM,50,"방은 비교적 컴팩트하지만 깔끔합니다. 욕조있는 룸, 레이트 체크아웃 가능 여부 문의했는데 둘다 친절하게 안내해주셨어요. 체크인시 코로나 체크도 비접촉식 체온계로 실시하고 있어 나름 안심이 돼요. 대로변이지만 조용하고 침구도 푹신하여 잘 쉬었어요.",2020-03-01
416,ㅇㅁㅇ,30,"급하게 일이 있어 예약하고 찾았는데 괜찮아요. 수건은 넉넉, 어메니티도 괜찮고 약간 좁은 듯한 느낌이지만 있을 건 다 있어요 ㅎ 야경도 좋구요 ㅎ",2020-03-01
417,윤호 손,50,"여친이랑 같이왔는데 음식도 맛있음
중식 추천 ~! 사진에 베스있었는데 실데론 없었지만 그래두 즐길거리는 많았음 친절했음",2020-03-01
418,psh,40,"친구랑 놀러와서 잘쉬다가네요
고층으로 배정 받아서 뷰도 좋았고
조용했어요
티비의 채널이 다양하지 않은게 조금 아쉬웠지만
전반적으로 괜찮았네요",2020-03-01
419,이예원,40,2020년 3월 서울 도심에 찌든 생활을 피해 신라스테이로 놀러왔습니다 8시쯤 입실핬는데 룸은 깨끗하고 조용했습니다 폭신한 침대도 편안했습니다,2020-03-01
420,0121,40,"방 크기가 작기 때문에 아주 좋지는 않았지만, 깔끔하고 깨끗해서 좋았습니다. 그리고 코로나가 끝나면 근처에 볼거리도 많아서 위치상으로 좋은것 같습니다",2020-03-01
421,Daeun an,50,"방이좁지만 나쁘진않아요
할인해서 숙박하게되어서 가격대비는 아주좋았습니다숙박의 위치는 서대문역바로앞이라서 좋습니다",2020-03-01
422,Junseok,50,"호텔 시설 및 서비스 등 다 만족 합니다
조식 뷔페도 맛있고 안에 비풰 등 음식도 정갈하고 맛있습니다. 화장실 비품도 아베도 제공 됩니다",2020-03-01
423,이아영,40,"위치, 편의성 다 좋았어요! 체크인시 직원분들도 굉장히 친절하셨습니다. 침대도 푹신하고 방도 깨끗하고 넓었습니다. 욕조 있는 방으로해서 편하게 잘 쉬다가 갑니다 :) 재방문 의사 있어요ㅎㅎ다만 먼지가 쬐끔 있네용ㅎㅎㅎ...그거빼곤 다 좋았습니다!",2020-03-01
424,Seo beom seok,50,"방 깔끔하고 조용함
편의시설 충분함
직원 친절함
가성비 훌륭함
조식 맛있음

너무 좋아서 1박 예약이었는데 하루 더 묵었습니다
추천합니다",2020-03-01
425,정아한빈,50,"일단 위치가 서대문역 바로 옆에 잇고
주변에 갈곳도 많아 좋습니다
방이 정말 깔끔합니다
주차공간이 협소한거 외에는 정말 좋아요",2020-03-01
426,이국진,50,매번 잘 이용하고 있어요. 신라스테이 서대문점은 이번이 처음인데 주변도 조용하고 방도 괜찮네요. 잘 쉬다 가요. 좋네요.👍👍,2020-03-01
427,bongkyu,40,어매니티가 아베다네요 매우 만족스럽습니다!도시뷰도 앞에 공사장이 보이지만 쉬원하게 잘 뚫려 있습니다. 비록 숙소의 크기가 작지만 그래도 만족스럽습니다.,2020-03-01
428,Jae.P,40,본인기준 볼일있는 곳과 가장 가깝고 가격 좋고 방 깨끗하고 화장실도 깨끗 침구 청결함. 인테리어 괜찮고 씨티뷰 좋고(창문은 더러움) 그런데..‘주차’와 ‘난방’이 별로.. 그리고 대로변이라 그런지 소음있음. 낮에는 괜찮지만 밤에 사이렌소리 바람소리 등등 좀 거슬림. 하지만 모든걸 고려했을때 여기만한데가 없다고 생각함. 그래도 겨울엔 안 올듯. 조식은 안먹어봐서 모르겠음.,2020-03-01
429,Hosoo,50,직원분들도 너무 친절하시고 서비스도 마음에 듭니다! 뷰도 좋고 객실안도 쾌적하여 마음에 듭니다. 앞으로도 이용하고 싶네요.,2020-03-01
430,luca,50,"평일에 갑작스레 찾은 신라스테이,,! 친절한 직원과 깨끗한 시설에 편히 쉬다가 갑니다ㅎㅎ 다음에도 서울에 올라올일 잇으면 이용하랴구여",2020-03-01
431,정춘김,50,"좋습니다, 좋은 위치와 친절한 직원
좋은 어메 니트 들과 깨끗하고 아늑한 침구 들이 아주 마음에 들어요
다음에도 기회가 된다면 꼭 오고깊네요",2020-03-01
432,Choi Seoung Gyu,50,"매일 지나다니기만 하던 곳을 직접 묵어보니 서비스도 좋고 방도 깔끔하고 너무 좋네요 ㅎ
다음번에 친구들이랑 또 묵게 되면 여기로 오게 되지 않을까 합니다 너무 좋아요~~",2020-03-01
433,동현 김,50,"출장차 서울에 급하게 방문하게되었는데,
시설도 깨끗하고 주변에 음식점도 많아 편하게 머물다 갑니다.
만족하는 하루 숙박이었습니다.",2020-03-01
434,Dahye C,40,체크인 세시부터여서 세시삼십분쯤 도착했는데 전부 비슷한 생각으로 오셨는지 대기줄이 길었어요.. 체크인할때 체온측정도 같이해서 그런지 대기시간이 조금있었지만 예약한 룸에 도착하니 깔끔하고 뷰도 좋고 마음에 들었습니다. 이불이 얼룩없이 깨끗하긴한데 먼지가 많이 날리긴하더라고요.. 조식 이용할 때 쌀국수 앞쪽에 머리카락이 올라가있었고 조리하는분은 모자를 쓰고 계셨지만 쌀국수 접시에 머리카락이 올라가있었습니다 제 머리는 그것보다 많이긴데 뭔가 좀 찝찝했지만 음식 안에 있는게 아니라 그릇 입닿는부분에 얹혀있어서 빼고 맛있게 먹었습니다. 커피머신 이용 시 진하게 먹고싶어서 2 커피라고 적힌 걸 눌렀더니 2잔커피양으로 나와서 많이 넘쳐서 지나가는 직원분께 말씀드렸더니 넘치면 밑에 버리고 마시면 된다고 하시더라고요;; 치워드릴테니까 새로 내려드시겠어요?라고 물어보셨어도 여기버려도되면 넘치는 양만 붓고 마셨을텐데 직원분이 버리고 드시라고 하니까 기분이..좋지는 않았어요.. 그 외에는 스크램블도 따뜻하게 자주 해주시는 것같과 빵종류도 잼종류도 다양하고 맛있게 잘 먹고 잘 이용했습니다!!,2020-03-01
435,eunmi,50,코로나의 영향때문인지 신라스테이 전지점 다양한패키지 구성이 있더라구요. 사람이 없을줄 알았는데 체크인 줄서서 했네요. 숙박 1+1 패키지 이용해서 저렴하게 묵고가요. 방이 넓지는 않지만 있을건 다 있어요.,2020-03-01
436,chong kyong yi,40,처음 들어갈때 일일이 체온을 재서 그런건지 조금 대기가 있긴 했는데 방은 좋았습니다! 깨끗하고 전망도 괜찮고 다음에 기회가 있으면 또 방문하고 싶어요 ~~~~,2020-03-01
437,Jongeun,30,"가족들이랑 놀러왔는데 가격대비 방이 너무 좋네여!!!
항상 오지만 올때마다 친절하고 좋은 방 주셔서 조아용~
다음에 또 이용할것같아욥!!",2020-03-01
438,Kimsohee,50,룸도깔끔하고 어메니티도 자연친화적인 느낌으로 좋음!! 10층이 그리높지않은데도 밖에 뷰이쁨!! 가격마저도 패키지로 합리적임!!,2020-03-01
439,da_young1,40,"깔끔하고 티비가 스마트 티비라 좋음. 개인적으로 아베다 좋아하는데, 어매니티 아베다 로즈마리민트라 좋았음. 침구도 괜찮음. 아쉬운건 공기청정기 대여 안되는것과 방음이 잘 안됨",2020-03-01
440,Korean M,50,"위치도 좋고 직원들도 친절하고
깨끗하고 심플하고 위치도 또 좋아
위치도 좋고 직원들도 친절하고
깨끗하고 심플하고 위치도 또 좋아",2020-03-01
441,toupie,40,신라스테이 종종 방문하는데 매번 잘 쉬다가 가요. 또 어매니티가 아베다라 좋아요. 호텔이 위치한 곳도 교통이 좋아서 편리하네요.,2020-03-01
442,이기명,50,"청결하고 친절하고 포근한 신라스테이는 늘 만족입니다.
언제나 신라스테이는 만족만을 선사하죠. ^^ 다음에는 반드시 조식을 포함해서 이용하려고 합니다. 신라스테이는 늘 최고입니다.",2020-03-01
443,Naengba Jang,50,"서대문역 바로 코앞이라 친구들끼리와도 좋겠어요
코로나때문에 힘든 지금 열체크 해야만 입장할수있어서 좋아요 침구좋고 방깔끔 화장실깔끔에 뷰도 최고네요♡",2020-03-01
444,Lee hye ryeong,50,교통편도 편리한곳에 위치하여 찾기 너무 좋았고 기본서비스도 친절하였습니다. 또 2일 숙박이여서 중간 청소를 맡겼는데 청소부터 비품까지 너무 마음에 들어 나중에 다시 방문할 의사가 있습니다!,2020-03-01
445,이승철,50,신라스테이 서대문 직원분들 너무 친절하고 힐링하다 가요 주차장은 타워로 타고 내려가서 주차했어요 조금 건물에 비해 협소했어요 룸컨디션은 깨끗한데 아담해요,2020-03-01
446,쭈니아빠,50,"이사 당일. 아기랑 있을 곳이 없었어요. 코로나라 키즈카페도 조심스럽고, 그래서 집에서 가깝고 주변에 다녀올 곳도 많은 서대문 신라스테이 그랜드룸에 묶었습니다.
비즈니스 호텔이라 좁을것이라 생각했는데 아이가 충분히 답답해 하지 않고 다닐 정도입니다.(사진첨부) 전망도 너무 좋아요.
가성비 갑이네요. 다음에는 호캉스 하러 와야겠어요.",2020-03-01
447,Salt de,50,지난번 생일때 원모어스테이로 방문했다가 같은 상품으로 오늘 왔는데요. 체크인을 밤늦게 했는데 늘 서비스받던 것과 같이 친절한 응대와 질문에 대한 설명도 잘해주셨습니다. 그리고 욕실구조도 고를 수 있어서 좋았어요. 신라스테이를 지점별로 자주 이용하는데 오늘은 일반객실보다 업그레이드된 객실로 안내받아서 특별히 좋네요.,2020-03-01
448,지호 유,50,"룸 컨디션도 훌륭하고 시설도 정말 좋았습니다.
지하 1층에서 먹는 조식 역시 먹을 메뉴가 정말 많고 맛있었습니다. 다음번에도 재방문의사 있습니다.",2020-03-01
449,KIM JAEYEOL,50,"깔끔하게 잘 되어있어요.
요즘 일이 힘들어서 쉬고싶었는데
와서 아무 걱정 없이 푹 쉬고 가요
운이 좋게 티비에서 나오는 영화도 너무 재밋었오요",2020-03-01
450,AustinKim,50,도심에 위치해있어 접근성도 좋고 조용하고 만족스러운 비즈니스호텔입니다. 다만 샤워시설이 조금 낙후된거 같아 아쉽습니다,2020-03-01
451,Jet588183,50,퇴근 후 일일 호캉스로 이용했습니다. 편안하고 안락한 숙소에 친절한 서비스까지 완전 만족합니다!언제든 또 방문하고 싶어지는 하루였습니다.,2020-03-01
452,신라스테이서대문,50,"할인된 가격으로 저렴히 숙박했는데 사진보다 깨끗했고 프론트 직원분도 여느 호텔 보다 친절하셨어요.
남은일정 보내고 다음에 또 서대문쪽으로 숙소를 구해야한다면 신라스테이 서대문을 고민없이 선택하겠습니다.",2020-03-01
453,Jason,50,"깨끗하고 조용하고
2층 휘트니스 시설도 이용하고 여러모로 좋은 곳이었어요^^ 만족하고 추천합니다.원합니다 많은 분들이 오셔서 감사합니다",2020-03-01
454,Lucas,50,실내 깨끗하고 레이아웃 편리했어요. 직원분들 너무 친절해서 좋았어요. 주변에 맛집 많아서 매일 골라 먹는 재미가 좋았어요.,2020-03-01
455,타이거 김,50,깨끗하고 편안한 숙박이었습니다. 친절한 직원과 잘 정리된 침실 어메니티도 좋았습니다. 친구와 함께 오랜안에 좋은 추억을 남겨서 더 좋았습니다...,2020-03-01
456,조유경,40,"해외 여행 후에, 서울에 잠시 더 머물고 가야해서 선택한 신라스테이 서대문점 ! 지하철도 바로 앞이라 좋았어요 ! 인천공항에서도 공항버스타고 서대문역 사거리 내리면 바로 코앞입니당ㅎㅎ 전체적으로 깔끔한 호텔이라 좋았어요 !!!! 조금 이제 오래된 느낌? 이 있긴하지만 ! 몇일 묵기는 괜찮은 것 같습니당 ㅎㅎ 휘트니스도 이용하고, 일단 침대에서 잠이 잘 와용 .. ㅎㅎㅎ 다음번에 또 1-2일 서울에서 묵을때 신라스테이 또 묵으러올게요~~~~!",2020-03-01
457,Juliana Kim,50,날이 조금 쌀쌀했는데 실내온도도 적당해서 푹 쉬기 좋았습니. 방도 깨끗하게 관리해주셔서 요즘 같은 때에 걱정 놓고 쉬었어요.,2020-03-01
458,shh7459,50,"디럭스 트윈룸 아주 편하다 쉬고 가요
첫 호캉스였는데 너무 좋았습니다
조식맛있었구요 쌀국수 제취향이라 2번먹었어요^^
편히 쉬다 갑니다",2020-02-01
459,juniiiii,50,방도 청결하고 직원들도 친절합니다 ㅎㅎㅎ 조식도 맛있었는데 끝날무렵에 가서 그런지 좀 음식이 식어있었습니다. 그런것들만 빼면 호캉스 하기에는 굉장히 좋았습니다!,2020-02-01
460,Kim seunggi,50,올때마다 깔끔한 침대와 고급스러운 어메니티 그리고 직원분들의 친절함으로 주말마다 서대문 신라 스테이를 방문하게 되네요!,2020-02-01
461,Oh.juyeol,50,"프론트 직원분들 친절하고 좋네요!! 주차장은 기계식이라 조금 아쉬웠지만, 편하게 주차할 수 있었습니다. 객실 컨디션도 좋았어요. 다만, 객실 내에 먼지가 조금 많아서 아쉬웠어요. 다행히 창문이 있어서 환기하고 이용했어요. 다음에 또 올게요.",2020-02-01
462,우정 박,50,"호캉스 하러왔는데 깔끔하고 좋아요
라운지바도 있고 피트니스 센터도 있고
근처에 맛집도 많아서 잘 쉬다가 갑니다
다음에 또 방문할게요",2020-02-01
463,black,50,서울 중심부라 교통이 좋고 서울역이나 광화문 등 걸어도 20분 이내입니다. 자체적으로 코로나 대비하여 발열체크 진행하는점도 마음에 들고 어매니티가 괜찮습니다.(아베다) 다만 실내화가 없는점이 아쉽고 디럭스 더블인데 방이 좁은게 조금 아쉽네요,2020-02-01
464,uram,50,가성비가 엄청 뛰어나진 않은것같아요 위치상 10분이내로 걸어갈 곳도 많지는 않구...ㅎ 첫 호캉스라 이것저것 서투룬 기분이에요~ 그래도 매트리스가 아주 좋아요! 정말 좋아요'ㅜ',2020-02-01
465,didididiya,30,"위치좋고 가성비 좋아요
프론트도 친절하시고 조식은 아직 안먹어뵈서 모르겠어요
단점은 좀 추운거..? 그리고 주차 불편한거?",2020-02-01
466,sahyeon,30,"객실은 신라스테이 답게 무난했습니다.
아쉽게도 투숙시 조식을 포함하였지만 안내가 안되었고
서대문지점은 의외로 지하에 식당이 있습니다.
게살탕이 있는건 긍정적입니다.
하지만 타 지점보다 음식의 가짓수나 퀄리티는 전반적으로 부실하여 제값을 못하는 듯 한점이 아쉽습니다.

5호선에 바로 앞이라는 점은 정말 긍정적이라 생각됩니다.",2020-02-01
467,Sehye Kim,50,"신라스테이 서대문은 제가 서울 방문시마다 항상 찾는 곳입니다. 우선 ktx역과 가깝고, 주변에 편의점 스타벅스 등 편의시설이 많습니다. 지하철 서대문역도 10초 거리라서 좋아요^^",2020-02-01
468,kimonehee21,50,깔끔하고 위치가 편하고 좋습니다!!^^ 직원들이 친절합니다. 가성비가 좋아서 다음번에도 이근처 온다면 또 이용할것 같습니다,2020-02-01
469,Jaja,50,호텔도 깔끔하고 도심뷰라서 저녁에도 야경이 이쁘네요~ 추천할만 합니다. 화장실도 깔끔하고 청결해요. 따뜻한물도 잘 나와요,2020-02-01
470,HYE JIN B,50,"엄마랑 같이 서울에 머물 일이 있어서 방문했는데 시설도 좋고 위치도 걱정했는데 전혀 걱정할 일 없었어요~~조식도 딱 정갈하게 있을 거 다 있어서 좋아요^_^ 날 좋으면 덕수궁이나 시청, 광화문 광장까지 걸어갈 수 있는 위치예요! 호텔 뷰도 시원하게 좋아요ㅎㅎㅎ",2020-02-01
471,Jiyoun,50,서울 볼일보고 급하게 예약잡아 왔는데 생각보다 컨디션 좋네요 인테리어도 군더더기 없이 깔끔하고 종종 이용 하겠습니다.,2020-02-01
472,Yoon minjeong,40,깔끔하고 청소가 잘 되어 있습니다. 다른 호텔에 비해서 방음이 잘돼어 투숙하는 일행 모두가 조용하고 편하게 즐기다 갑니다.,2020-02-01
473,Taesung,50,"최고최고
추운 날씨에 따뜩했고 라디에이터 설치도 해주었으며 어메니티도 훌륭하고 침구가 푹신했습니다. 위치 또한 훌륭해 다시 머무르고 싶네요",2020-02-01
474,SYP,50,직원분들도 친절하시고 일처리도 빨리 해 주십니다. 추천합니다! 룸은 낡긴했지만 지내는데는 문제 없었습니다. 식당 음식도 맛있어요!,2020-02-01
475,wadiff,40,좋습니다 깔끔하고 체크인 서비스도 원할하게 진행해주셔서 산뜻한 기분으로 여행의 기분을 만끽할 수 있었습니다. 감사합니다,2020-02-01
476,Minhui K,50,깨끗하고 친절함 침대 편한 편임 샤워가운도 있음 어매니티 아베다라 좋음 편의점 등 부대시설도 인근에 있어 편함 근처에 갈만한 맛집 많음,2020-02-01
477,김용해,50,방 컨디션 깨끗하고 좋습니다. 욕실은 약간 오래된 느낌이지만 청결하고 침대도 푹신하고 이불도 냄새없이 숙면 취하고 갑니다.,2020-02-01
478,손동범,40,따뜻한 분위기에 편안한 침대가 좋습니다. 인테리어도 깔끔하고 무엇보다 시티뷰가 마음에 드네요! 화장실도 깔끔합니다 ㅎㅎ,2020-02-01
479,bz9789,50,"지하철역 앞이라 접근성이 너무 좋아요
청소 상태도 상당히 좋구요
조식도 무난하고요
특히 구조가 짜임새 있게 되어있어 더 좋아요",2020-01-01
480,gmchung,50,너무 깔끔하고 가격대도 좋았던거 같아요 다만 생각했던것 만큼 방이 크진않고 욕조가 없어서 아쉬웠습니다 ㅠㅠ 다음에 또올게요,2020-02-01
481,sejeung,50,"서초점 묶었을 때 너무 좋았어서 이번에는 서대문으로 왔는데 역시 너무 좋았어요~:)
차량있다면 주차장이 협소해서 좀 불편한거 빼고는 위치도 좋았어요~:)",2020-02-01
482,손수영,50,신라스테이 깔끔하고 차분한 분위기에 종종 방문하고 있는데요. 저번에도 칫솔모를 삼킨 것 같아 당황해서 이번에도 양치 전에 확인 했는데 빠지더라구요. 해당 부분 개선 가능한지 검토해주시면 좋을 것 같습니다 ~,2020-02-01
483,Hara jeon,50,"서대문 신라스테이 위치가 서대문역에서 나오자마자 바로앞에 있어서 너무좋구요
룸관리 깔끔해서 너무 좋구요
조식도 부담되지않게 맛있네요",2020-02-01
484,Han Isaac,50,"역 바로 앞에 위치해서 교통편도 편하고
수박 시설도 깔끔하네요
아침 조식도 맛있고 좋네요^^
룸 서비스도 깔끔하고요
따뜻하고 좋네요",2020-02-01
485,kimjh,40,방은좀작지만 침구도깨끗하고 샤워실도 깔끔해요. 어매니티도 좋아요. 주차장이 따로없는게 안좋아요. 아침에 청소를 너무시끄럽게하네요.,2020-02-01
486,Yeon Doo Kim,40,"스탠다드인데도 욕조가 있습니다(욕조방으로 달라고 해야 함)
신라스테이 워낙 대기업이라 명성 믿고 갑니다. 가격도 이거 저거 할인 받으면 적당한 가격에 잘 즐길 수 있어서 좋고, 다만 주차장이 좀 특이했고, 다소 좁았습니다.",2020-02-01
487,Sungheon,50,특가로 저렴하게 이용했는데 지금까지 사용한 숙소 중에 가장 깔끔한 느낌이었습니다. 넓진 않지만 가구 배치도 잘 되어있어서 불편한 느낌없이 편하게 잘 쉬다갑니다~,2020-02-01
488,YJP,50,"설 명절간 스트레스가 쌓여잇는데 신라스테이에서 쉬면서 주변 고궁들을 볼 수 있어서 너무 좋네요
방 내부도 청결하여 걱정없이 편히 보내다 갑니다~",2020-01-01
489,공진스윗,50,"매달 1~2회 이상 방문하는데
깨끗하고 침구도 너무 편해서 좋습니다
데스크 직원분들 청소 하시는 헬퍼분들도 너무 친절하십니다.",2020-01-01
490,Minji P,50,"디럭스트윈룸 예약했는데, 뷰도 좋고 구조도 무척 편하고 좋았습니다~ 아베다 어메니티도 너무 향좋고^^ 맥주&피자 할인쿠폰 덕에 분위기도 냈네요.",2020-01-01
491,WoowonJang,50,"너무 편하고 깨끗한환경에서 잘 놀다가 갑니다.
재방문의사 있습니다. 감사합니다.
화장실 내부도 깨끗하고 직원분들도 좋으셔서좋았습니다.",2020-01-01
492,백선오,50,"직원분들이 넘넘친절하고
호텔도 깨끗하고 넘잘쉬다갑니다^^
다음에도다시오고싶어요
위치도전철역바로앞에있어서
교통도넘편하고좋아요",2020-01-01
493,Esther1230,40,지난번보다 룸 컨디션은 전반적으로 좋았습니자. 시끄럽지 않은 점이. 침대 컨디션은 괜찮았지만 샤워부스나 쇼파 및 쿠션 등은 세척이 필요해 보입니다. 그러나 다음에 또 이용하고자 합니다.,2020-01-01
494,Dayeon,30,"설캉스 패키지로 친구랑 왔습니다
다양한 프로모션 좋구요❤
다만 티비가 좀 작고 티비 밑에 책상이 있는 구조가 더 좋았을거 같습니다😅
그래도 무난하고 나쁘진 않습니다",2020-01-01
495,mrs.joo,50,"기회되면 다음에 또 올거에요
북적이지 않고 여유롭게 조식 시간 가졌어요
주차타워 이용해야하구요 자리는 있습니다!!
로비는 좁은편입니다",2020-01-01
496,jundae,50,가족끼리 3명이서 1박2일 깔끔한 방에서 잘 자고 갑니다 침대가 너무 편해요 방에서 보이는 도시뷰도 좋습니다 다음에 여행온다면 다시 사용할게요,2020-01-01
497,Ally,40,시설 좋아요 가성비 최고인거같아요!룸컨디션 좋고 화장실도 깨끗해요 무엇보다 종이컵을 비닐에 싸서 구비해주신게 그냥 컵보다 훨 위생적이라 느껴져서 좋았어요,2020-01-01
498,lilianmg80,50,"좋아요. 깨끗하고 업무차 와서알게되서 애들데리고 서울에 전시나 여행올때 자주찾습니다
올때마다 깨끗하고편안한 침구가 기분좋아요감사해요",2020-01-01
499,Yeonji Kim,50,룸 컨디션 나쁘지 않고 가격이 저렴해서 좋습니다. 그런데 욕실 타일은 진짜 별로네요ㅜ 지저분해보여서 미관상 좋지 않습니다.,2020-01-01
500,세훈2,50,높은층을 배정받아서 야경 뷰도 좋고 아침에 뜨는 해에 자연스레 눈을 떠서 기분좋습니다. 차후 재방문의사 있습니다 ㅎㅎㅎ,2020-01-01
501,Sanguk,10,"회사와 가까워서 걸어서 출퇴근 할 수 있다는 점이 장점이나, 체크인할 때 필요한 정보에서 살짝 벗어난 반복된 질문으로 강하게 의심받았기 때문에 유래없는 매우 불쾌한 경험. 본사에서 호텔 매니저를 통해 직접 사전 예약해서 결제만 하면 되는 것이었는데 결국엔 본사에 다시 전화를 걸어서 확인한 좀 이상한 상황. 그렇다고 제대로 확인하는 것도 아닌....어쨌든 왜 저렇게 하는거지?하는 생각이 들게하는 이상한 점이 많은 호텔 직원. 혹시 갑질 당한듯?",2020-01-01
502,Yeji,50,"서대문 역 바로 앞에 위치해서 찾아오기도 쉽고, 방도 깔끔해서 만족스럽게 보냈습니다! 점심으로 예약했는데 투숙객 할인도 받아 좋습니다:)",2020-01-01
503,이경진,50,"친구들이랑 재밌게 놀고 갑니다
깨끗하고 친절하네요
근처에 맛집도 많아 좋아요
3명이있기엔 좀 좁긴한데 그래도 아늑합니다",2020-01-01
504,Yeon woo noh,50,"깔끔하고 뷰가 좋습니다.
다음에 기회가 되면 또 오고싶어요
서대문역앞에 바로 위치 하고 있어 편해요
커피 무료 2잔서비스도 맘에 드네요ㅎㅎ",2020-01-01
505,Changheon lee,50,결혼식으로 인해 지방에서 올라와 적당한 숙소를 찾던 중 국방부 프로모션을 통해 생각보다 고층에 남산타워가 보이는 아주 멋진 뷰를 오늘 체크인을 통해 맥주 한 잔하며 감상합니다. 추천드립니다!,2020-01-01
506,이호성,40,"깔끔한 시설에 직원분들도 너무친절하셨어요!!
주차공간이 조금 좁긴해도 일찍오면 큰 문제없고
전체적으로 만족합니다아!!",2020-01-01
507,alkongsomin,40,"지하철역 바로 앞이라서 위치 좋고
방도 깨끗하고 크기도 딱 적당해서 좋았어요
어메니티도 좋았습니당
다만 밤에 조금 추웠어요ㅎㅎ",2020-01-01
508,vvong,40,객실이 생각보단 작았는데 욕실있는 룸을 원했지만 그렇지못해서 아쉬웠습니다ㅠㅠ 객실은 전체적으로 비즈니스호텔 느낌나고 가격대비 괜찮은것 같습니다!,2020-01-01
509,Jae Yoo,50,"신라스테이 서대문, 비지니스 호텔로 참 괜찮네요. 시설도 깔끔하고,직원들의 응대도 친절했습니다. 룸컨디션도 좋았고, 지하 카페 음식도 만족스러웠습니다.",2020-01-01
510,oiokr,50,욕조 사용하고 싶어서 욕조 있는 방 요청드렸는데 친절하게 배정해주시고 룸 컨디션도 좋았어요. 넓진 않지만 쾌적했습니다.,2019-12-01
511,CWYANG,50,"서대문역에서 바로이고 광화문 접근성이 좋아서 만족합니다
방도 깨끗하고 따뜻하고.
가족 말고 비즈니스 출장에도 이용할 것 같아요",2019-12-01
512,서대문주민,30,서대문역 바로 앞이라 교통이 너무 편해요. 밤에 잠시 정동길 산책 하기도 좋고 주변에 편의시설 다 있어요! 다만 연말이라 가격이 좀 비쌌고 가격대비 시설은 글쎄요. 제가 깔끔 떠는 성격이라 침구부터 확인하는데 베개를 들추니 체모 한 가닥이ㅠ 찝찝했지만 이미 짐을 다 풀어서 따로 말씀은 안 드렸네요. 평일에 좀 싸게 오면 좋을 것 같네요. 가격대비 그냥저냥 무난했어요.,2019-12-01
513,엄마딸,50,"엄마랑단둘이하는서울여행ㅎㅎ
호텔위치가좋아서
주변관광명소다니기좋았어요
호텔도아기자기하고깔끔했네요ㅎㅎ",2019-12-01
514,Dahee,40,"늦게 체크인했는데 24시간 체크인 가능이라 편리했고
방은 작긴 하지만 있을건 다 있어서 좋았습니다
다음에도 또 이용할 의사 있어요",2019-12-01
515,"KANG, C.H",50,"호텔신라 가족답게 역시 최고입니다.
침구도 깨끗하고 조식 뷔페도 아주 맛있습니다.
비즈니스차 이용하는데 그 때 마다 만족합니다.",2019-12-01
516,유은상,50,룸이 너무 깔끔하고 디자인이 이쁘네요 그리고 창문뷰가 대박이네요 서대문역8번출구 바로앞에 있어서 위치도 너무 좋아요 조금 추운거 말곤 다 좋네요,2019-12-01
517,Traveller dreaming,40,"엄마와 함께 여행하였고 무척 만족스러웠습니다.
하지만 송년회로 라운지룰 이용하지 못해 4stars 리뷰를 남깁니다.

재방문의사있습니다!",2019-12-01
518,KimYuJeong,50,"프론트 직원분들 다들 친절하셔서 좋았습니다.
객실도 조용하고 깔끔하고 따뜻하네요^^ 피트니스도 이용가능하니 좋습니다",2019-12-01
519,youlim1212,40,"이만한 가격에 조식과 서울역과 가깝다는 점이 큰 메리트 인 것 같습니다. 다만, 방 청결이나 방음 부분에서 약간 아쉽네요. 비즈니스 호텔로는 굿, 호캉스를 누리기엔 약간 부족한 호텔입니다.",2019-12-01
520,JHP,50,"서대문역 바로 앞이라 위치도 좋고 교통도 좋아요
룸 컨디션도 깔끔하고 좋아요!
휘트니스센도 늦게까지 이용할 수 있어서 좋아요",2019-12-01
521,kyujin,50,"체크인시 친절하게 응대해주셔서 좋았으며,
서대문역과 가까워 교통이 편리하였고 객실상태도 쾌적하고 좋습니다. 다만 주차공간이 협소하여 차량을 이용하시는분은 빨리 체크인 하시는게 좋을 것 같습니다.",2019-12-01
522,Trail650728,50,서울 출장올때마다 신라스테이 자주 이용해요.. 그 중에서도 서대문지점은 서울역에서 가깝고(택시5분?) 버스정류장 가깝고 조용해서 좋아요. ^^,2019-12-01
523,Sam,40,전반적으로 깔끔해요.당시 묵었던 내방 온도조절? 기능은 고장이었는데 알았을때는 늦은 밤이라 서비스를 부르지 못함. 덕분에 감기기운,2019-12-01
524,child in,50,11월 끝자락 그 어느날.. 우중충한 날씨를 피해 머문 그곳 모든 것이 좋았다. 음식이 다채로웠으며 라운지바의 무제한 맥주는 환상적이었다.,2019-11-01
525,Hyesun K,50,"군더더기 없는 디자인
어메니티 아베다 로즈마리 민트가 너무 좋았어요.
이불을 침대 아래에 꽉 끼워놓지 않아서 좋았어요.
방은 좁은 편이지만, 시티뷰여서 좋았어요.
단점은 샤워부스에서 샤워하고 나오면 물이 샌다는 점?
방 안에 거울이 없는 점이 아쉬웠어요.

감사합니다. 잘 쉬었다 가요.",2019-11-01
526,Jung yj,50,직원들이 친절하고 방이 편안하며 쾌적한 여정이었습니다. 위치도 아주 좋아 신촌에 다니기 편했습니다.다음에 또 방문하고 싶은 곳입니다.,2019-11-01
527,Philboy245,50,"안락하고 깔끔한 숙소
가격은 다소 비싸나 주요 관광지와 가까운 이점이 있으며,
지하철역 바로 앞에 있다.
샤워타올 등이 비치되어 있음.",2019-11-01
528,Suh K,40,깨끗하고 아늑한 객실도 좋았고 교통이 편해서 서울 어디든 편리하게 이동할 수 있었어요. 어메니티도 깔끔하고 객실간 소음도 거의 없었습니다. 출장객들에게 추천드려요.,2019-11-01
529,TAEYONG KIM,40,도심에서 가까이 위치한 안락하고 평안한 호텔로서 가성비가 뛰어나고 지하철역은 1분거리이고 공항이동시 공항버스 및 서울역 공항철도 이용이 아주 용이함,2019-11-01
530,정유진,50,"엄마랑 같이 1박 2일 머물렀는데
창 밖의 뷰도 좋고 내부도 깔끔하고 완전 만족했어요!
다음에 또 온다면 더 오래 있고 싶다는 생각도 했습니다 ㅎㅎㅎ",2019-11-01
531,Yun Ki Choi,50,"위치와 시설 모두 만족 합니다 ^^
서울 주요 위치와 가깝고 시설 넓고 신축이라 깨끗하네요
저렴한 가격에 조식도 좋있습니다.
다음.이용 예정입니다.",2019-11-01
532,Meriel K,50,서울에 볼일이 있을때마다 숙박을 신라스테이에 잡아두는데. 서울 신라스테이중에 위치도 뷰도 응대도 가장 좋음 굳이 강남쪽 잡을일 없음 이곳 추천,2019-11-01
533,은조 양,30,"토요일 오후 열두시에 체크인 하고 들어갔습니다 아침비행기타고 오느라 너무 지쳤는데 편하게 쉴 수 있어서 그거 하나로 만족합니다
그런데 UBS 포트가 없어요 핸드폰충전기를 뭉탱이로 들고 다녀야합니다
어메니티컵이 일회용이더라구요 너무 마음 편하고 좋았어요",2019-11-01
534,eungmoney,50,"신라스테이 서대문~~
룸 뷰는 탁 트여서 훌륭합니다.
룸 컨디션은 특급호텔 부럽지 않구요~~
카페에서 즐길 수 있는 무제한 맥주는 가성비도 짱짱맨입니다!!♥",2019-11-01
535,hanjihye,50,"부모님모시고서울에왔다가
편안히잘머물고갑니다.
조용하고침대도아늑해서푹잤어요.
위치도좋아서움직이기편해요.
다음에또방문하고싶네요^^",2019-11-01
536,Kim,50,"필요한것 딱 갖춘호텔입니다. 여행객과 비즈니스 고객에게 적합한호텔
위치가 정말마음에듭니다
무료로 제공하는 녹차 홍차 커피도 맛있었음",2019-10-01
537,오흥철,50,"온가족 가족 여행으로도 좋아요ㆍ 도심에서 이용하기 편하고 가격도 합리적이고 선물로 주신 타올도 맘에들어요
또 올께요",2019-10-01
538,은희배,40,"서울에서 괜찮은 호텔 묵으려면 1박에 15만원 이상은 되어야 하는 것 같아요. 깨끗했고, 공간 효율성이 높았어요. 조식뷔페는 투숙객에게 할인도 되고 음식도 꽤 괜찮아서 추천합니다. 지하철 버스 자가용 모두 이용하기 편리했습니다.",2019-10-01
539,Olivia Lee,50,편안하고 좋습니다! 직원분들도 너무 친절하시고요! 지하철 접근성이 좋아서 비지니스 차 방문하였습니다! 다음에 또 방문할게요!!,2019-10-01
540,AshleySim,50,편하고 아늑해서 또 이용할 것 같습니다. 가족 단위로도 커플끼리도 부담 없이 머물다 갈 수 있는 공간이네요. 잘 이용했습니다.,2019-10-01
541,이재헌,50,가성비가 확실히 좋아요. 깔끔하고 친절한 편이고요. 여름에 에어컨은 약간 시원찮은데 여기만한곳이 없어서 자주 애용해요. 서울에 있는 신라스테이 중 가격도 가장 저렴한 편이에요.,2019-10-01
542,Yuseoeun,50,"위치도 좋고 깨끗하고 잘쉬다 갑니다 ㅎㅎ
아침에 조금 시끄러워서 그거빼고 다 좋았어요
ㅎㅎㅎ 주변에 편의점도 있고 지하철역까지 굿",2019-10-01
543,Park hyenhong,40,"서대문역 바로 옆에 좋은 위치에 있습니다
룸 컨디션 깔끔 하구요 . 고향에서 올라오신 아버지와
하룻밤 잘 쉬고 갑니다. 서울역도 가깝네요",2019-10-01
544,Wonny,50,"침구가 정말 좋아서 편안하게 자고 갑니다 위치도 좋아서 다음 날 놀러가기도 좋은 것 같아요!!
직원분들도 친절하시고 서비스도 좋아요",2019-10-01
545,JJUNE2,50,"상당히 깔끔한 상태를 유지하고있어요.
머리카락 한올도 없네요 :)
그리고 지하철 서대문역이랑 접근성도좋아요
7,8번출구 바로 앞이네요.
26층이라 도시전경을 내려다보기좋지만, 엄청 근사한 경치는 아니어서 그게 조금 아쉬운 것 빼곤 상당히 만족스럽습니다!ㅎ
어매니티도 아베다라 괜찮고, 실내 조명밝기나 디자인 등
신경많이 쓴 흔적이 보여서 만족스러워요!

담번에도 또 이용해야겠어요~",2019-10-01
546,kkkk337,50,"투숙중 옆방에서 발생하는 이러 저러한 소음과 작은 문제 로 인하여 살짝 기분이 안좋아질수 있는 상황에서 당시 근무자였던 프런트 Alber shin (이름표가 영어라 한국이름을 몰라서 그냥 이름표 이름으로 기재합니다) 직원과 Jayden Park 직원의 도움으로 룸업그레이드를 받았습니다
짐을 옮기는 과정에서도 솔선수범해서 옮겨주셨습니다.
비지니스상 여러 숙소를 다녀보지만 항상 어떤 숙소나 문제가 발생할수는 있다고 생각합니다
그러나 그것을 고객의 입장에서 생각하고 불편없이 해결하려는 모습이 다른 숙소와 다르게 감동적이었습니다.
서비스의 기본은 고객의 마음을 헤아리는 것이라고 생각합니다
그것을 잘 실천하고 있는 직원이라고 생각합니다.",2019-09-01
547,hojunjun,40,"깨끗하고 깔끔하고 직원친절하고 조식 맛있고 근처 편의점 가깝고 역도 가깝고 모든것이 좋았다 다만 너무 더웠음 에어컨이 조절이 안되나 고장이났나 모르겠으나 더웠음
그거빼곤 흠잡을게없음",2019-09-01
548,MINJI KIM,40,방이 좀 좁았지만 뷰도 괜찮고 깔끔해서 1박하기에 나쁘지 않았습니다. 조식도 괜찮았습니다. 다음에 기회가 된다면 다시 방문할 것 같네요.,2019-09-01
549,Jang E,50,아이들이랑 서울 나들이하러 왔다가 머물었습니다. 덕수궁 결복궁 서대문 형무서관람하는데 이동도 편하고 쾌적해서 너무 좋았습니다.,2019-09-01
550,Kang S,50,서울에 올때마다 신라스테이에서 지냅니다. 깔끔하고 교통이 편리해요. 인테리어가 편안한 느낌을 주고 편리한 시스템으로 디자인되어 있어요. 굿~,2019-09-01
551,쑤리임,40,"방이 그렇게 큰 편은 아니지만 깨끗하고 좋았어요
지하 이층에 라운지바에서 무제한생맥주 이용했는데 메뉴도 저렴하고 맛있어요 강추합니다ㅎ",2019-09-01
552,Kimnina,50,객실타입 원 하는거 있는지 세세히 확인까지 해주시고 헷갈리는게 있어서 여러번 질문 했는데도 상세히 알려주셔서 정말 감사합니다,2019-09-01
553,Chacha,50,"처음으로 신라스테이 서대문구에 와봤어요, 여행의 시작은 호텔에서부터 잖아요 깔끔하고 잘 정돈되어있어서 시작부터 너무 설레었어요. 핫플들과 멀지도 않은 거리에, 호텔쪽에오면 조용해서 아늑하고 참 좋은 위치의 좋은 호텔이라 다음에도 또 오게 될 것 같아요~^^ 오시는 분들도 많으니 다들 이래서 많이 오나보다 싶어요 ㅎㅎ 신라스테이 서대문점은 서울 여행에서 최애픽 입니다 :)",2019-09-01
554,Tommy,30,깔끔했으며 좋았습니다. 다만 체크아웃 날 객실 불이 들어오지 않아 준비 하는데 불편했네요 그럼에도 다음에 다시 방문할게요,2019-09-01
555,Mir K,40,"위치가 너무 좋네요! 방도 깔끔하고!
또 이용하고싶습니다!!
주변에 음식점도 많고 지하철역이 바로 앞에 있네요!
지하철역에 엘리베이터가 없는 게 아쉬워요",2019-09-01
556,Yoon Hee C,50,방 컨디션도 좋고 서비스도 아주 만족합니다. 욕조도 있어서 피로 풀기에 좋았습니다. 침구도 깨끗하고 폭신합니다. 밤에는 영화 보면서 푹 쉬었네요ㅋㅋ,2019-09-01
557,예나 박,50,"서울 한복판에서 좋은 위치와 함께 합리적인 가격의
호텔을 찾는다면 단언할 수 있습니다! 답은 신라스테이라는 걸! :-) 감성적인 분위기의 아늑한 호텔이 편안함을 선물합니다. 정갈하고 청결한 호텔인 신라스테이를 강력 추천합니다!",2019-09-01
558,kang,50,"다른지역 신라스테이 숙박해봐서 너무깔끔하고 좋아
서울나들이 겸 숙박도 신라스테이로 정했네요

침구며 화장실 너무깔끔해요

아이들도 올때마다 편안하다 좋아하네요
서울의 도시 구경왔는데

뷰또한 좋네요 ^^",2019-09-01
559,bloooommin,40,"20층 디럭스 트윈룸에 묵었습니다.
야경 시티뷰 나쁘지않고 라운지바도 저렴한 가격에 잘 먹었습니다. 메뉴랑 사진 첨부합니다.",2019-09-01
560,kim yeseul,40,"트윈룸 묵었는데, 룸 컨디션 좋고 주변 이용객 소음 없어 조용해요. 다만 앞이 공사중이라 공사 소리는 좀 들리지만 밤 늦은 시간엔 공사를 안하기 때문에 괜찮았어요. 어메니티는 아베다로 구성돼있는데 향이 좋아서 기분 좋게 잤습니다. 다음에 또 올게요~^^",2019-09-01
561,SH Jeung,50,"합리적인 가격에 깨끗한 룸 컨디션
드라이기가 좀 약해요
위치도 매우 좋구요
조식도 맛있고 직원분들도 친절합니다
추천해요",2019-09-01
562,마재진,40,"한낮에 좀 더워서 에어컨 온도 내렸는데
안 내려가길래 물어보니 중앙통제라고 하더라구요
그래도 밤에는 시원했지만 아쉽습니다
외에는 만족합니다",2019-09-01
563,Pyo,50,"신라호텔 못지않은곳입니다깨끗하고 친절한 직원들
그리고 최고의 위치 항상 혼자 휴식이 필요할때 찾는 곳입니다 ㅎㅎㅎ",2019-09-01
564,Hyeokjun Lim,40,"침구도 편하고 뷰도 좋습니다. 전체적으로 안정감이 있어 편하게 묵고 갑니다.
다만, 방음이 약간 아쉽습니다. 그외에는 만족합니다.",2019-09-01
565,김효영,50,"호텔직원들 너무 친절하네요 감사합니다
최고의 호텔이라는 명성답게 다들 잘해주셨어요

21층뷰가 너무좋네요
비오고나서 온 하늘도예쁘네요",2019-08-01
566,Park,50,3성급을 감안하면 부대시설이랑 객실은 역시 대기업이 최고인 것 같습니다. 앞으로도 비즈니스 호텔 계획이 있다면 신라로 올 것 같습니다,2019-08-01
567,Mun kyoungsun,40,"일단가성비짱에 위메프에서결재했는데
음 방에서 하수구냄새가났는데 바로
바꿔주셨어요 업그레이드해서
다른지점은모르겠고 서대문점 전좋드라구요
역시 신라입니당ㅎ
잘머물다가요",2019-08-01
568,장명진,50,아이와 신라스테이에서 즐거운 시간을 보냈습니다. 객실도 쾌적하고 좋네요 여행할때마다 지역에 신라스테이가 있는지 검색하게 되요,2019-08-01
569,영은 서,50,"가족단위 방문(25층 디럭스 패밀리 트윈)

객실 깔끔, 에어컨성능 좋음
욕실 생각보다 넓고 아베다 어미니티..
마루바닥 특히 좋음(갠적으로 카페트 싫어함)

서대문역 8번출구 나오면 바로 앞
서대문역사관, 덕수궁, 서울시립미술관, 광화문
가까이 있었고 다니기 좋음.
경찰청이 바로 옆, 왠지 든든함.

저녁 라운지바 맥주무제한 제공..
창가 도시뷰 청와대 방향..야간조명 다 보임.
가볍게 여행와서 편히 지내다감.",2019-08-01
570,Pioneer,50,깨끗하고 좋은 상태의 하지만 1인 이상이 이용하면 작을 가능성이 있는 방. 친절한 서비스와 직원들. 멋진 시티뷰는 밤에 멋있다.,2019-08-01
571,Joseph P,50,"업무차 서울에 자주오게 되는데, 매번 숙소로 고민하다 최근에서야 알게된 신라스테이 서대문!! 접근성도 좋고 가격도 좋고 시설도 좋아요!!
게다가 어메니티도 어베다로 믿고 쓸수 있어요!",2019-08-01
572,7un,30,다 좋은데 욕실 냄새랑 협탁 먼지는 청소 좀 신경써주세요. 샤워하러 갔는데 밑에서 냄새 올라오고 휴대폰 협탁에 올려놨는데 케이스에 먼지 붙으면 기분 안 좋잖아요...,2019-08-01
573,stella,40,호텔 뒷편에 있는 경찰서 건물 뷰가 당첨돼서 아쉬웠지만 전체적으로 깔끔한 인테리어와 서비스에 만족했습니다. 욕실도 굉장히 깨끗했고 어매니티가 모두 아베다 제품인게 좋았어요ㅎㅎ 얼리버드로 예약해서 가성비 좋은 호캉스 잘 보내고 왔습니다!,2019-08-01
574,alex,50,"깨끗한 실내와 편안한 공간이었습니다.
다만 방이 생각보다 작아서 아쉬웠습니다.
스텐다드와 디럭스가 별 차이 없습니다.
수건이쫌 굽꿉해서 아쉬웠습니다",2019-08-01
575,한영 이,50,"2틀 숙박하면서
넘 편안했구요
뷔폐도 넘 맛있었어요
다음에 또 오고싶은곳이예요
다른 신라스테이보다
편안한곳이였어요",2019-08-01
576,yulim,50,"잘 쉬다갑니다 방도 개끗했고 시원했고 좋아ㅅ오용 담에또 방문 예정입니다. 지하철이랑 가까움
따뜻한 물도 잘 나오구 뷰도 좋았어요!",2019-08-01
577,qwerty,40,"혼자 왔기에 스탠다드 더블룸에 묵었습니다 가격대비 상당히 깔끔하고 고급스러워요 온도도 적당하고 뷰도 좋았습니다! 다만 피곤하여 욕조에 몸담그고 싶었는데, 스탠다드 룸은 한층에 욕조 있는 방이 하나밖에 없다더군요... 분명 욕조 사진을 보고 예약한건데 ^_ㅠ 속은 느낌이지만 그럼에도 가성비가 뛰어납니다..",2019-08-01
578,John kang,50,"혼자서 푹 쉴수있었던
나만의 힐링 시간이었다
다른 호텔에서 제공하는 베게가 불편할때가 많은데

신라스테이 침구류는 눞자마자 잠들수있어서 매우 좋았다

전체적으로 깨끝하고 깔끔해서 대만족이다",2019-08-01
579,Jae Cheol,50,친구들과 부산에서 놀러와서 푸욱 자알 놀다갑니다. 지금 내 기분 실라씰라 지 모야? 염따 행님도 플렉스 해버릴 씰라 호텔로 놀러ㅓ~~~ 오세요!,2019-08-01
580,sherlin kim,40,뷰도 너무 좋고 방 디자인도 맘에 들었습니다. 다만 먼지가 조금 많아 천식이 있는 저는 호흡이 조금 힘들었습니다. 직원분들도 친절하셨어요,2019-08-01
581,이승민,50,롯데호텔 묵어봤는데 에어컨도 좋고 침대도 푹신하고 이것저것 좋은점이 많아서 다음에 또 올수 있다면 굳이 못올건없을거네요 와하하,2019-08-01
582,Jjjeon,40,"1박 2일로 혼자서 쉬려고 예약한 호텔
디럭스 룸치고 많이 작은데 혼자 있을 거라서 상관 없었다. 그래도 조금 더 컸으면 좋았을텐데..
친절하게 체크인 도와주셨고 룸이 깔끔해서 괜찮았다",2019-08-01
583,Sunyoung,40,"24층뷰도 좋구 쾌적하고 편히쉬다갑니다
욕조가있어 따뜻한물에서 피로를 풀기좋았습니다
방이 조금작은감이있었지만 사용하기엔 불편함은 없었습니다",2019-08-01
584,Hyunchul P,50,조용하고 역바로앞이라 광화문가기가 좋아서 교통좋고 룸컨디션깨끗하고 좋아욥 주차는 좀 불안하지만 앞에 안내해주시는분 계셔서 괜찮아요,2019-08-01
585,Toni,40,어제 급하게 예약해서 오늘 호캉스 왔어요. 언제나 기분 좋은 신라스테이입니다. 체크인때 사람이 엄청 많았는데 직원분이 친절하게 신속하게 처리해주셔서 감사했습니다. 얼음도 룸서비스는 안 되지만 직접 받아올 수 있어서 좋았구요. 수건이 오래되서 진 회색 얼룩이 있어 별 하나 뺐습니다. 진한 얼룩이 있는 수건은 버리시는 게 나을 것 같아요.,2019-08-01
586,Bominjang,40,"접근성도 좋고 내부 시설도 깔끔하여 좋습니다
방이 크지 않지만 내부 설계가 사용하는데 불편함 없이 잘 되어 있습니다.
조식도 나쁘지 않았습니다.",2019-08-01
587,Julia Cecil,50,여자친구가 발이아팠는데 너무친절이 짐도 옮겨주시고 편의를 봐주셔서 감동입니다ㅠㅠ 신라스테이라는 이름답게 직원분들이 너무 친절하셔서 좋아요!!! 믿고 오는 신라스테이',2019-08-01
588,보람 성,30,"동생이 근처 병원에 있어서 2번 투숙했습니다
깨끗하고 깔끔한 객실은 넘 좋았습니다 위치도 최고였구요
생각보다 온도 떨어지는게 좀 느려서 잠들기 전에는 조금 더웠습니다
온도가 늦게 떨어지는 것 말고는 다 만족스러운 곳입니다 다음에 또 투숙할 것 같아요!!!!!",2019-08-01
589,이병희,40,방이 깔끔하고 좋습니다. 1박 잘쉬다 갑니다.뷰가 좀 아쉽지만 저렴한 가격에 잘 쉬었습니다.밥도 맛있네요. 다른곳보다 가격도 싸고,2019-08-01
590,hye,50,일할때는 신라스테이를 찾아요.. 서대문스테이는 조식 맛있어요.. 깨끗하고 시설도 좋고 작업할때 쓰는 테이블이랑 의자도 허리가 안아파서 좋아요 추천합니다. 자주올 듯 싶습니다..,2019-08-01
591,lucychoi0426,40,"외국인 관광객에게는 최상의 위치에 있는 숙소일듯!
명동, 광화문, 종로 모두 숙소 근거리에 있어 이동이 편해요
방은 크지 않지만 청소상태도 좋고 쾌적합니다",2019-08-01
592,삼장2,50,"체크인이 빠르고 객실컫션이 너무 좋았어요.

무엇보다 접근성이 좋아 관광지접근이 좋았어요.

또한 카페에서 무제한 맥주이벤트도 저렴하고 좋르았어요.",2019-08-01
593,Peter-KIM,40,"2019.08.07~09. 2박 더블룸 예약함.
들어가면 작다는 느낌이 강하나 혼자 사용하기 적당함. 조식은 숙박객에겐 19,800원임.
어메니티는 AVEDA로 민트향이 좋았다.
지하철역이 바로 앞이란 사실은 장점이다.
레스토랑은 저녁시간에는 Bar로 변신.
주류 가격도 적정하고 만족한다.",2019-08-01
594,Lily,50,"신라스테이 여러 지점을 방문했지만 서대문점 역시 훌륭하네요.

신라스테이 서대문점은 어느 층 어느 객실에라 머물더라도 창 밖으로 보이는 탁 트인 뷰가 가장 큰 장점입니다. 걸어서 5분 내외에 경희궁, 정동길 등 방문할 수 있는 곳이 있는 것도 좋아요.
사통 발달한 곳에 위치해 있어서 서울 여행하시는 외국인이나 관광객들에게 아주 추천할 만한 숙박시설입니다.
단점이라면, 주차시설이 부족한 것과 실내 공조가 잘 되지 않아 복도에 먼지가 지나칠 정도로 많다는 점이 있네요.
하지만 이정도 불편함 정도는 감수할 수 있을 정도로 지리적 장점이 아주 큽니다.

직원들도 친절하고 섬세하게 케어해주셔서 편안히 숙박하다 감니다.",2019-08-01
595,park,50,"위치도 좋앗고
조식도 좋앗고
방도 깔끔했습니다. 처음 시트에 뭐가 뭍어있었는데, 빨리 바꿔주었습다.
다만 화장실 휴지가 얇아서 좀 불편햇습니다",2019-08-01
596,Seokhyo,40,"신라스테이 서대문..
후기들 검색했을때 어느 정도 객실이 협소하고 주차하기 불편한 점들은 사전에 고려되었어요. 그런데, 생각했던 수준보다 객실 청결도는 낮아 사실 깜짝 놀랐어요. 그래도 신라 브랜드를 내세우고 있는데..
물론 주변의 숙박시설 중에 그보다 나은 곳이 있을까 생각하면 어쩔 수 없이 선택할 수도 있겠지만, 적어도 신라 브랜드를 내세우고 있다면 좀 더 청결한 객실 유지 신경써주면 좋을것갈아요.
객실에서 조망은 정말 좋았어요. 특히 멀리 조그마하게 보이지만 청와대까지 보이니 이만한 조망은 없을거 같아요.
침구류는 깨끗하고 잠자리도 편안하게.. 정말 좋구요..타월도 상태 좋았어요. 또한 어메니티도 굿~~!
다만 샤워하다보니 샤워부스 구조는 향후 리모델링하실때 필히 수정하셔야할거 같아요. 아무리 조심해도 샤워 물이 밖으로 튀어서 화장실 사용이 불편해지는거 같아요.
저희는 서대문형무소, 경복궁, 덕수궁, 역사박물관 등등 둘러볼려고 숙소 위치를 정했는데.. 이동하기도 정말 편리한거 같아요. 차량은 숙소에 주차하고 대중교통 이용해서 다녔는데 오히려 더 편하게 이동한거 같아요.",2019-08-01
597,Sang duk,50,룸 컨디션도 좋고 주차도 매우 편했고 침대도 푹신해서 편했고 창문으로 보이는 야경도 참 좋았네요 다음에 또 이용하고 싶네요,2019-08-01
598,장우진,50,깔끔하고 좋습니다. 친절하고 좋습니다. 청결합니다.화장실 이 있고 침대도 푹신합니다. 바닥도 깨끗하고 티비도 좋네요ㅎㅎㅅ,2019-08-01
599,park kyoung min,50,"가족단위가 많았는데 어수선하지 않고
아늑하고 조용했습니다. 룸 컨디션도
깨끗했고 친절하셨습니다.
룸이 좁다는 평이 많았지만 말 그대로 스테이여서
만족합니다. 신라스테이는 어딜가도 만족합니다.",2019-08-01
600,58명진,40,주차장 협소해서 살짝 불편했으나 조식 뷔폐랑 룸 컨디션 모두 만족합니다. 가성비 괜찮은것 같아요. 특히 지하철 10초안에 접근가능해서 좋아요 재방문 의사있습니다.,2019-08-01
601,seoyoon,50,"친구랑 1박2일로 왔는데 딱 깔끔하게 묵고가기 좋은것같아요
디럭스룸 트윈인데 침대도 적당하고 푹신해서 좋습니당 어메니티도 필요한건 다 있어서 좋아요",2019-07-01
602,christine,30,"비지니스호텔 딱 그정도입니다
깔끔하고 정갈하고.
합리적인 가격으로 서울 여행에 좋습니다.
교통도 좋습니다.
버스 지하철 접근에 매우 유리한 지역입니다",2019-07-01
603,Sienna,40,방은 매우 작지만 비즈니스 호텔인데 이 정도면 만족합니다. 굉장히 깔끔하고 침대도 편해요. 시내 중심에 묶는 가격칙고는 괜찮아여,2019-07-01
604,호경 곽,40,"여름휴가로 서울 가는데 숙소 고민을 하다가
믿고 가는 신라스테이로 정했어요ㅎㅎ
디럭스룸으로 했는제 생각보다 넓고 주차도 걱정했던것 보다는 여유있었어요~
안내도 친절히 해주셨답니다~
편하게 묵고 갈거같아요😊",2019-07-01
605,스테이,50,"깔끔하고 편안한 분위기
위치도 좋고 서비스도 좋아요
가격도 저렴한 편인데 침구랑 어매니티도 좋네요 추천합니다 ㅎㅎㅎ",2019-07-01
606,Kim,50,가성비 갑~! 합리적인 가격에 신라호텔의 분위기가 반영된 숙소에 편하게 머물었습니다. 욕조가 있는것과 아베다 어메니티가 참 마음에 듭니다. 덕분에 피로가 풀리는 여행이 되었네요,2019-07-01
607,owl,40,서대문점 방문은 처음입니다. 친절한 응대와 함께 룸 업그레이드도 도와주셔서 감사했습니다. 룸 컨디션도 좋아서 여독을 달래기에 참 좋은 시간이었습니다. 앞으로도 신라스테이 특유의 단정하고 정돈된 분위기가 유지된다면 좋겠습니다.,2019-07-01
608,Ha minwoo,40,룸 크기가 생각보다는 작았지만 전체적으로 깔끔하고 깨끗해서 좋았습니다. 데스크도 친절하시고 체크인시 상세하게 설명해주셔서 인상 깊었습니다.,2019-07-01
609,Sabrina,30,"더블에서 한사람 묵음

끝방 침실은 깨끗했고 어메니티는 아베다
체크인하고 들어가자마자 방이 너무 추워서 온도올림

조식을 제일 기대했는데
동남아 사람들이 너무 많아서 붐볐으며 새치기 향수냄새ㅠ
오믈렛은 바로 만들어줘서 따끈따끈 맛있었다
와플과 베이컨은 너무 딱딱했고
딤섬 리필도 바로바로 안되고
가격대비 즐기지못해서 조금 불만",2019-07-01
610,Judy,40,"침구 깨끗하고 특히 매트리스가 좋아요
조식포함 패키지로 이용하게 되었는데 주변 식당도 많고 교통편리해서 좋아요
다음번에도 이용하고 싶네요",2019-07-01
611,Young,40,"전체적인 룸 상태도 좋고 깨끗해요..
붙박이장 문을 중문으로 사용할수 있어서 좋았고 특이했어요.
다만 아쉬운건 주차장인데.. 호텔 주차장은 좁아서 그런지 기계식 주차장이네요..",2019-07-01
612,Ju jung min,50,"안좋은후기보고 의심반 걱정반ㅋㅋㅋ
근데 좋네요 전 9층에 지냈습니다.
방음도 좋고 조용하고
방 컨디션 전반적으로 좋았습니다.",2019-07-01
613,Al J.,40,"서대문역 7,8번 출구에서 가까워서 참 좋네요 20층이상은 뷰가 아주 좋고 청와대가 보이네요 ㅎㅎ 다음 서울에 오게 되면 다시 이용하고 싶습니다.",2019-07-01
614,Somi Jang,50,"위치 진짜 최고입니다. 서대문역 8번출구로 나오면 거짓말 없이 5초만에 옵니다. 서비스도 호텔리어분들께서 친절하게 해주시고, 요청했던 모닝콜 서비스도 잘 이뤄졌습니다. 객실 컨디션 좋고, 어메니티로 아베다 제품 제공되네요. 화장실에 욕조도 있어요. 룸 사이즈가 엄청 크지는 않지만 공간 활용을 잘했습니다. 창문 유리가 먼지가 껴서 좋은 풍경을 보지 못한 점은 아쉽지만, 단점을 상쇄할 정도로 매우 만족스러웠습니다. 조식은 먹지 않아서 모르겠습니다. 서대문역 부근에 볼일이 있다면 매우 추천합니다!",2019-07-01
615,박명수,50,"깨끗하고 너무 좋아요
편하게 쉬다 갑니다.
아이파이도 잘터지도 프리라서 출장와서 급한업무처리도 덕분에 쉽게 해결했어요",2019-07-01
616,tensai16,50,숙소도 깔끔하고 위치도 찾기 편합니다. 특히 침구류가 깨끗하고 진짜 편안해서 꿀잠 잘 수 있음. 가성비로 따지면 top3 안에 들 것 같아요.,2019-07-01
617,Myeonghun Baek,50,직원분들 친절하시고 객실도 마음에 들어요~ 저번에 이어서 두번째 방문이고요 조식도 잘 나와요~ 편하게 있다 가기에 추천합니다.,2019-07-01
618,Beomsu K,50,여자친구와 방문한 신라스테이 서대문점!! 집이 신촌 쪽이라 어디로 갈지 고민 많이 했어요. 여의도냐 광화문 신라스테이냐.. 결국 선택은 서대문! 결과는 대만족. 위치도 더 한산한 서대문역에 있고 룸 컨디션도 더 좋은 것 같아요!! 특히 강남쪽 여러 호텔보다 좋았습니다. 매달 올 예정입니다!!,2019-07-01
619,Juyeong Kim,40,"가격대비 깔끔하고 직원이 친절해요
위치도 역 바로 앞이라 편해요
커플끼리 오기 좋은것 같아요
주변에 놀거리나 식당이 적은 점이 다소 아쉬워요",2019-07-01
620,ahhyeon Lee,50,"지하철 역 바로 앞이라 편리하고 시설 깨끗하고 좋네요
침구도 편하고 화장실 넓어서 좋아요
대중교통과 접근성이 좋은게 가장 장점같습니다",2019-07-01
621,semin,50,"위치좋고 무엇보다 깔끔함이 좋아요. 항상 서울출장올때마다 이용하는 곳입니다.
맥주도 5000원에 무제한으로 즐길수 있습니다.",2019-07-01
622,Cho kyungeun,50,"서울 한복판에 교통 편리하고
아이와 함께 체험 할 수 있는 박물관과 궁들이 인접해 있어서 좋습니다.
고층에서 바라보는 서울 도심 뷰가 좋아요!",2019-07-01
623,Keith J,50,귀여운 곰인형과 함께 제공되는 깔끔한 객실이 만족스러운 숙소입니다. 5호선 서대문역 출구 바로 앞에 위치해 있어서 접근성 또한 훌륭합니다.,2019-07-01
624,Kang Dooyun,50,"처음에 문열었을때, 뭐지? 싶었는데 안으로 들어가니 생각보다 넓더라고요. 욕조도 있고, 무엇보다 깔끔한 느낌이 좋았습니다.",2019-07-01
625,정호 김,40,"가족끼리 가서 호캉스 즐기기에 딱 좋네요~
깨끗하고 도심이라 아이들과 즐기기에 좋아요~
신라 스테이 서대문 주차도 무료고 역이랑도 가까워 또 가보고 싶을 정도로 좋네요~",2019-06-01
626,Simgun,50,"적당한 가격에 깔끔한 시설을 갖추고 있습니다. 다만 로비가 상대적으로 작은 편이어서, 단체 관광객의 방문 시 출입이 어려웠습니다.",2019-06-01
627,성모정,50,최근 서울에서도 주말 숙소 가격이 양극화로 가는 것 같습니다. 숙소들이 난립하다보니 가격이 내려가는 곳도 있고 평이 좋아 인기 있는 곳은 가격이 상승하고..신라스테이는 늘 한결같이 깔끔한 숙소를 제공함에도 결코 비싸다고 하기 어려운 가격을 적용해서 이전에 비해 더 경쟁력이 생긴 것 같습니다. 앞으로도 자주 이용할 듯 합니다.,2019-06-01
628,상희 권,50,"도시속에서 시설도 좋고, 북악산 뷰도 좋습니다
어메니티도 아베다 어메니티가 있습니다
다만,오늘 행사로 인해 기대했던 라운지를 이용할 수 없어 아쉽습니다.
가격대비 좋은 시설을 갖추고 있어 추천드립니다.",2019-06-01
629,손영탁,50,냄새도 안나고 방도 깨끗하고 좋은것같네요^^ 서비스도 괜찮은것같고 침대도 푹신해서 좋았어요~ 다들 여기서 묵어보세요!!ㅎㅎ,2019-06-01
630,Keunbada son,50,"잘이용했습니다. 깨끗하고 조용합니다.
서비스도 좋습니다. 다음에도 이용할 생각이 있습니다. 잘이용해서 감사합니다. ㅎㅎ",2019-06-01
631,bigflowerjihyun,50,"업무차 왔는데 늦게 체크인해 아침 일찍 체크아웃하니 너무 비싼 곳을 가긴 어렵고, 그래도 쾌적한 곳을 찾다가 신라스테이를 찾았는데요. 역시나 모든 시설이 기본 이상이고 아베다 어매니티도 좋습니다! 방이 넓진 않으나, 편하게 머물다 갈 수 있는 곳입니다!",2019-06-01
632,JuJu,50,제가 다녀 본 여러 비즈니스 호텔 중 가격 대비 가장 만족스러운 것 같습니다. 신아스테이가 비즈니스 호텔로 젤 좋다는 말은 여러번 들었지만 정말 좋고 서대문점은 다른곳보다 같은 서비스지만 가격은 조금 저렴하고 출장오면 계속 방문하고 싶은 곳입니다 강추드립니다.,2019-06-01
633,Yang hwaseong,50,하루밤 편히 쉬다 갑니다 시설도 깨끗하고 안내도 잘 해주셔서 편하게 쉴 수 있었습니다 방음도 잘되고 수압도 좋았고 어메니티가 고급스러워서 좋았습니다!!,2019-06-01
634,이승현,50,훌륭한 객실에 고객 응대 서비스도 정말 좋았습니다. 한가지 단점이 있다면 비즈니스 호텔인거 같아 호텔 크기가 그리 넓지는 않습니다. 하지만 있을거 다 있고 몇일동안 지내기에 훌륭하였습니다,2019-06-01
635,Resort33126376671,50,위치도 좋고 깨끗하고 쾌적해요! 맛집이 주변에 없어서 조금 아쉽지만 광화문까지 지하철로 한정류장이라서 광화문 가서 먹으면 돼요!,2019-06-01
636,hongsikey,30,"신라스테이 지점 중에 외국인 숙박객의 비율이 높은 편인 것 같아요. 단체 손님도 많아서인지 로비가 조금 혼잡했습니다.
침구는 깨끗하고 좋았는데 지저분한 메모장, 부러진 연필, 탁자의 얼룩 등이 아쉬움을 남기네요.
게다가 입실했는데 냉장고가 따뜻했습니다. 설비팀에서는 냉장고가 꺼져있었다고 하셨어요. 방 상태를 좀 더 꼼꼼히 확인하셔야할 것 같아요.
신라 스테이라 믿고 예약했는데 다른 지점과 차이가 꽤 나네요. 많이 아쉽습니다.",2019-06-01
637,eunjoo kim,50,"서비스도 좋고
스탠다드 트윈 룸이었는데 욕조도 있고
아메니티는 아베다에 깔끔하고 쾌적한 비지니스 호텔에 대만족입니다.",2019-06-01
638,kimu,40,가격대비 깔끔하고 좋아요 위치도 좋고 한국인이 꽤 많네요! 뷰도 좋고 깔끔합니다. 청와대 뷰네요. 침구도 깔끔하고요 좋네요,2019-06-01
639,마이클,50,"깨끗하고 친절한 응대에 감사드립니다
쾌적한 침대와 소음도 적어서 아는 사람이 묵을때 추천하고 싶네요
읽어주셔서 감사합니다",2019-06-01
640,KJ_Cho,50,"지하철역, 버스정거장과 아주가까우며 침대가 너무 편해요~ 깨끗하고 깔끔한 호텔로 매우 추천합니다. 다음에 또 올꺼예요~ㅎㅎ",2019-06-01
641,ksh,50,"기대안하고왔는데 아주 만족했어요.
침구류도 깨끗하고 좋았습니다.
다음번에도 주변 올일있으면 또 이용해야겠어요
잘 쉬다갑니다.",2019-06-01
642,ahji,50,주말에 늦게 도착했는데 무사히 체크인하고 객실상태도 나쁘지 않았어요. 핸드폰 충전 부탁드려도 잘 해주시고 조식도 참 맛있어요. 잘 쉬다 갑니다.,2019-06-01
643,Kimsj,50,위치가 서대문역 출구 바로 앞이라 찾기도 편하고 교통이 편리하네요 직원분들도 서비스가 좋았습니다 다시 서울방문시에 다시 예약 의사가 있습니다,2019-06-01
644,조유진,40,"위치가 너무 좋아요..! 그리고 룸컨디션도 깔끔합니다.
직원분들도 친절해서 부담없이 기분 좋게 쉬다갈 수 있는 호텔입니다. 가격 대비 좋아요!",2019-06-01
645,ryunghyo kang,50,룸컨디션도 좋고 침구도 부드럽고 너무 좋아요 저녁엔 라운지에서 맥주도 마시려구요ㅎㅎ 밤에 야경도 너무 이쁠 것 같네요,2019-06-01
646,song,50,"깔끔하고 필요한 것이 다 갖추어져 있네요. 좋습니다~
7월에도 이용하려고 합니다 좋아요!
시티뷰에 높은층이니 전망이 횡 다보여 시원하네요",2019-06-01
647,David,50,이번 휴가에 신라스테이에서 투숙했어요! 입실할때 직원분들도 되게 친절해서 입실절차가 순조롭게 이루워졌던거같아요. 그리고 위치가 지하철에서 1 분내에 갈수있어서 추천해요,2019-06-01
648,George,50,가족끼리 숙박할 곳을 찾다가 가까운 곳에 신라스테이가 있어서 예약을 했습니다 체크인 도와주시는 분도 너무 친절하시고 방도 너무 깔끔하고 좋네요 저희 부모님도 너무 만족해하십니다 ^^~,2019-06-01
649,sunyoung214,10,"신라스테이 서대문은 공항버스이용하기 좋은 위치였지만 욕실청결과 세심한 서비스가 아쉽습니다.

객실내 실내화나 체중계는 없어 프론트에 문의하니 2층 피트니스센터에 가서 여행가방를 들어재라는 안내를 받았습니다.해외여행객이 머물기에 좋은 호텔인 것 같은데...

체크인한 객실청결이 미흡해 방교환시에는 여행가방을 모두 다시 1층으로 가져와야한다고해서 변기청소만 해달라고 했는데 1시간이 넘도록 3차례 요구후에 이루어졌습니다.

비지니스센터는 1층으로 옮겼다는 말은 2층에서 한참을 헤메다 1층으로 다시 가서야 들었습니다.

지하1층에 있는 라운지바는 저녁시간에 이용하기 좋았습니다.",2019-06-01
650,바게스더,50,"여행하기에 최적의 장소이며
룸상태 가격 등 정말 최고입니다
여행객이라면 호텔주변으로 지하철 서울역 명동 광화문 신촌 등 사방으로 다 갈 수 있어요",2019-06-01
651,수정 허,50,호캉스 즐기러 갔는데 너무 좋습니다! 위치에 비해 가격도 합리적이구 시설도 좋아요:) 라운지바 생맥주 무제한 프로모션도 호캉스에 딱인 이벤트네요 !! 덕분에 행복한 여행이었습니다,2019-06-01
652,Alii,50,"가성비 좋은 호텔입니다. 서대문역 바로 앞이라 위치적으로도 좋구요. 룸상태도 깨끗하고, 직원분들도 친절하시고 만족스럽습니다.",2019-06-01
653,박관세,50,"직원들도 친절하시고 내부도 깔끔하고 뷰도 좋습니다ㅎㅎㅎ
다음엔 가족들과 함께 방문하고싶은 곳입니다 ㅎㅎ
내부도 넓어서 여러명이서 자기엔 넉넉하니 좋네요",2019-06-01
654,sunny park,50,객실이 청결하고 프런트 직원들은 친절합니다. 헬스장 등 부대시설도 잘 되어 있어서 만족스러웠습니다. 역 근처라 접근성도 좋고 추천합니다,2019-06-01
655,merumi,50,"일단 위치가 참 좋습니다 서울역이 가까워요!
버스정거장과 지하철역도 아주 가깝습니다
당연히 친절하고 내부도 깔끔해요
야경도 나쁘지않습니다",2019-06-01
656,lee,40,"출장으로 왔는데 좋네요 방은 정돈 잘되어있고, 딱 있을 거 있네요. 10만원 내에서 이런정도면 나름 괜찮다고 볼 수 있을 것 같네요. 리뷰쓰면 커피도 주고",2019-06-01
657,Nomad28523555441,40,"일단 위치가 광화문과 가까워서 좋았고, 호텔 바로 앞에 서대문역이 있어 편리했습니다.
호텔의 전반적인 느낌은 편안했고, 객실도 인테리어 청소상태도 깔끔해서 좋았습니다.
조식은 종류가 다양하지는 않았으나 먹을만 했습니다. ^^",2019-05-01
658,Jae H,40,"방 사이즈는 매우 좁은편. 침대와 욕실 아주 좋음. 광화문, 종로, 명동등 강북지역 대부분 아주 쉽게 접근할 수 있고 지하철역 (서대문 5호선)이 호텔 로비와 거의 바로 붙어있어서 지하철 사용하는 사람에게 아주 편리함.",2019-04-01
659,jeonghoonshin,50,"서울 서대문지역에 위치한 가성비 최고의 호텔
서울역, 신촌, 이대 등 접근성 최고
비즈니스나 가족여행등의 목적으로는 최고의 호텔임
완전만족 !!",2019-05-01
660,Trek43111253189,30,"가족여행 인원을 체크했는데 추천룸이 자기에 너무 불편했다.소리도 많이나고.
아동포함 3인일경우 추천을새로이.
처음부터 키를1개주는건.추후1개 더를 요청하니 추가배부.그것도 불편했음.위치나 다른건 다 좋았어요.",2019-05-01
661,Roving34020551845,40,객실도 좋았구 직원분들 친절도 또한 매우 좋았습니다. 조식은 역시나 대만족이었습니다. 단 주전자 포트 같은 잘 사용하지 않는 것들의 청결도도 신경써주세요~^^,2019-05-01
662,Escape56935622381,30,"침대엔머리카락두개나오고요
수건은진짜이제리뉴얼하셔야될듯!
직원분들은다친절하셔서 기분좋은투숙이였습니다",2019-05-01
663,Seaside00535213976,50,"위치가 좋아서 지하철역이랑도 가깝구 교통도 편리해요😆!!
룸컨디션도 좋았구 직원 응대도 친절해서 만족했네요😊
다음에도 또 이용할 것 같아요~~",2019-04-01
664,Stephanie,50,공연 답사를 위해서 서대문 지점에 투숙하였습니다. 깔끔하고 심플한 내부 무엇보다 교통의 접급성이 매우 뛰어나고 서울 어디든 30분 내로 닿을 수 있는 곳에 위치 해 있습니다. 다음날 굉장히 놀랐던 것이 바로 레스토랑!! 업무 차 여러 호텔을 돌고 있습니다만 비지니스 호텔 급에서 아주 훌륭한 조식 식사를 대접(?) 받은 느낌 이었습니다. 깔끔하고 정갈한 음식들과 바로 조리되는 음식까지 아주 만족스러웠던 조식이었습니다. 다음에 친구 혹은 가족들과 함께 투숙 하고 싶네요.,2019-03-01
665,Abby,50,위치가 일단 서대문역 바로 옆이여서 엄청 좋아요. 광화문역까지 걸어서 십분정도이에요. 지하 까페도 음식 맛있고 깔끔해요.,2019-04-01
666,jung,50,"부산에서 새벽에 올라와서 너무 피곤한데 위치도 너무 좋고
직원분들도 친절해서 다시 방문 하고 싶어요!!
피곤해서 혹시나 체크인 빨리 되냐고 여쭤봤는데 사정 듣고 빨리 하주셔서 너무 감사했어요 ^^",2019-04-01
667,romromi,40,"스탠다드 트윈객실 묵었는데
지하철 출구 바로 앞에 위치해 있어서 굉장히 편합니다
룸크기도 적당하고 시트랑 청소상태도 깔끔합니다
직원들도 친절하고 요구사항으로 전화드리면 신속하게 처리 해 주셨습니다 ㅎㅎㅎ",2019-04-01
668,Yonee,50,방이 따뜻하고 아늑했어요~ 욕조도 깨끗하구 직원분들도 다 친절하셔서 꼭 재방문 할거예용 광화문광장이랑도 가까워서 편하게 여행했습니당! 짐도 맡아주셔서 편한여행 했어요,2019-04-01
669,Diana Park,50,"혼자 출장차 방문한 신라스테이 서대문점!
저는 숙소를 볼때 가장 중요시 하는 부분이 “청결”인데요
정말 깔끔하구 혼자 묶기에 좋은 스탠다드 더블 룸이였어요
참고로 어메니티는 아베다였습니다:)
다시온다면 재방문하고 싶은 호텔이네요~",2019-03-01
670,kelly$,50,아이와 서울나들이 왔다가 숙박했는데 지하철역도 바로 앞이고 버스도 많고 교통이 엄청 편하네요~가격도 좋구요..직원분들 엄청 친절하시고 전망도 좋네요~^^ 다음에도 서울 올 일 있으면 또 이용하려구요~,2019-03-01
671,Yoo,50,직원분 친절하시고 굉장히 깨끗해요^^강추합니다. 지하철역과도 굉장히 가까움.주변 관광할 곳도 많아요.서대문형무소 등...광화문등 아이들과 같이 오면 역사교육도 가능할듯합니다.,2019-03-01
672,So Hyun,50,"아이 병원방문건으로 하루 이용하게 되었는데,
너무 감사하게도 저희 편의에 맞는 방으로 배정해주시고
너무너무 친절하게 해주셔서 너무 감사합니다
다음에도 또 이용할께요 ^^
감사합니다 ^^",2019-03-01
673,최주연,50,"가끔 서울에오면 늘 찾게되는 신라스테이
오늘은 서대문을 방문하였는데
넘친절한 응대에 또한번 감동~~
쇼핑하기에 최적에 장소~~
담에 오게된다면 또 찾게될거같다",2019-03-01
674,정윤철,50,"이것은 호텔인가 천국인가
시설이 깨끗해서 다음에 또 오고싶어요
특히 프론트에서 안내해주시는 분들이 너무 친절하고 좋았어요",2019-03-01
675,순조 차,50,"가족들과 가벼운 마음으로 방문했는데. 기대이상으로 좋습니다.
직원들 모두 친절하시고. 지하철 접근성 넘 좋구요.
딸내미와 광화문. 정동길. 덕수궁 걸어서 다녀왔습니다.
가성비 짱인 호텔입니다.
낼 아침 조식두 기대되네요.",2019-02-01
676,Ccaewoni,50,가끔 비추 후기를 봤어서 오기전에 살짝 걱정했는데 막상 들어오고 보니까 실내도 깔끔하고 침구류 상태도 좋았어요! 다음 번에도 기회가 되면 또 오고 싶어요!,2019-02-01
677,양지원,50,"호텔이 서대문역과 가까워서 접근성이 좋았고, 깨끗한 방과 친절한 서비스로 좋은 일정을 보냈습니다. 재방문 의사 있습니다.",2019-02-01
678,뀨린이,50,접근성 위치 모두 완벽합니다 침구가 엄청 포근해서 꿀잠잤어요 전반적인 서비스도 좋고 생맥주 1인 5000원 무제한 이벤트도 너무 맘에 들어용 또 오고싶은 호텔!,2019-02-01
679,Dani,50,"가족들이랑 다녀왔는데 역이랑도 가깝고
무엇보다 가장 중요한 조식이 너무 맛있었어요~
다음에 친구들이랑 여행에도 또 올거같아요~!",2019-02-01
680,Wjjjjjjjjj,50,친구들이랑 알아보다가 처음갔는데 지하철역이랑도 가깝고 조식도 너무 맛있더라구요~~~~ 이제 자주 이용할거같아요 감사합니다,2019-01-01
681,Songdaye,50,친구들이랑 하루 놀다왔는데 편안하고 너무 좋았어요 직원분들도 너무 친절하시고 시설도 깨끗하고 너무 잘 놀다왔습니다아-,2019-02-01
682,mwg,50,다른 것보다도 지하철 역이랑 가까워서 정말 좋았습니다~~ 사람들이 많았지만 그만큼 좋은 호텔이라는 반증이라 생각됩니다.,2019-01-01
683,jeong,50,"광화문, 시청, 서울역과 멀지않아
가족여행으로 이용하기에 참 좋은
위치에 있는 숙소였습니다.
다만, 주차장이 협소하니 미리 확인하시고
가급적 대중교통을 이용하실 것을
권합니다.",2019-02-01
684,Jenny,50,"처음 신라스테이 서대문에 머무르게 되었는데요,
로비에 들어 서자 마자 느낌이 너무 아늑하고 세련되고, 깔끔한 분위기가 마음에 들었습니다. 가격대비 모든시설이 제 생각보다 많이 괜찮았습니다. 또한 직원분들도 친철하게 편의시설 및 다양한 서비스를 설명해 주셔서, 어려움 없이 잘 이용하였습니다. 오랫만에 힐링하고, 편안하게 머물다 갑니다. 다음 방문시에도 꼭 이곳으로 올 계획입니다.",2019-02-01
685,f g,40,"지하철역 바로 앞이라 편리합니다. 체인호텔이라 관리도 잘되는 편 같고, 침구도 너무 편안해요b 어메니티는 아베다인데 향도 개운하고 좋아용~~~ 개인적으류 비슷한 가격대 호텔들 중에 신라스테이가 제일 무난하고 좋아요~~ 어딜가나 평균 이상은 하는 것 같아요. 직원분들도 친절하시고 편하게 쉬다 가기 좋네용ㅎㅎㅎ 근데 지금 방 온도가 안올라가는중이네요 왤까요..ㅠ",2019-02-01
686,jae ik,50,"처음 방문했어요~
방이 너무 깨끗하고 들어오자마자 기분이 좋아지게 되더라고요~ 다시 또 놀러 오고 싶어요. 재방문 의사 10000%
다음에도 신라스테이로👍짱짱👍",2019-02-01
687,Jiwon,50,"방도 깨끗하고 침대도 푹신하고 직원들도 친절합니다!
조식평도 좋아서 기대됩니다.
다만 호텔앞이 현재 공사중이라 소음이 조금 있지만 호캉스로 추천합니다~",2019-02-01
688,트래ㅂㅓ,50,"올 때마다 편안하고 아늑해요
교통도 편하고 쉬어가기에 좋습니다
불편한 점이 있으면 바로 조치해주시고
주차도 나쁘지 않은 편이에요",2019-02-01
689,Jumbopizza,50,날이 흐릿하지만 창이 커서 탁트인 느낌이 들어서 너무 좋았고 직원분들 응대도 너무 만족스러웠습니다 침대에 비해 이불이 조금 작은 느낌이 들지만 방구조도 깔끔하고 욕실 어메니티도 만족스럽네요^^,2019-02-01
690,Yongseok Jo,50,"근처에서 연수가 있어 패키지로 예약해 디럭스룸에 머물게 되었는데 룸컨디션이 좋았고, 체크인할 때 요청드렸던 부분을 많이 챙겨주셨습니다. 아침 조식도 타 호텔에 비해 매우 풍부했고, 매니저분들 또한 매우 친절하셔서 다음에 또 오고 싶습니다. :)",2019-02-01
691,April J,50,"제가 1시까지 결혼준비로 부모님을 예비신랑과 가야해서 “얼리체크인”이 되는 호텔로만 알아보고 있었습니다. 한 7군데 알아봣는데 얼리체크인 되는곳이 한 세군데 있더라고요~
한복을 종로에서 맞추는 일정이 있는데 광화문점은 얼리체크인을 해주지 않았고 또 가격도 비싸 서대문점에서 하고 싶었는데 너무너무 친절하게 제 사정 듣고 어떻게 해서든 얼리체크인 해주실려고 노력한 프론트에 근무하시는 윤00 직원분께 너무 감사하다고 다시 말씀 드립니다.

방도 깨끗했고 프론트 근무하신 직원분 모두 친절 했습니다(윤00님 만나서 반가웠어요 ㅠㅠㅠ)
방은 건조 했으나 그건 어느 호텔이나 마찬가지라 상관 없었고 ㅋㅋ
침구는 깨끗하고 따뜻했습니다!
덕분에 프로포즈도 잘 마쳤고 다음날 조식도 맛있게 먹었으며 기분좋게 남자친구와 분위기 낼수 있었습니다~

다음에 또 묵으러 갈게요!!",2019-01-01
692,Kimhyosang,10,바로옆 kt &g 빌딩에서 근무하며 오다가다 보다가 여친과 함께 투숙했습니다. 객실 청소 상태나 직원 친절도 등 최악 이였습니다. 너무 건조하고 춥고 뭐하나 제대로 된것이 없었습니다. 정말 비추입니다.,2019-01-01
693,Hwang Kyungho,50,"역시 ""Shilla"" 브랜드~^^ 서대문 이곳도 호텔리어의 정석을 보여주는 친절함, 그리고 생각보다 넓은 객실과 청결상태 최고^^ 2019년 첫 가족여행 숙소로 이보다 좋을수 없네요. 조식도 프로모션 기간이라 안내해주셔서 포함안되었지만 제시간에 맞춰 고고씽~ 새해복많이받으세요ㅎ",2019-01-01
694,문지훈,50,"위치도 좋고( 서대문형무소를 걸어갈수있을정도)
무엇보다 직원들이 넘 친절해서 맘에들었어요~^^인테리어도 맘에들었고 인형에대한 좋은추억 간직할수있게 해주셔서 감사합니다 ~^^",2019-01-01
695,dddduhiii,50,직원들도 친절하고 조식도 맛있고 머무르는내내 편안했네요 ~ 침실도 깔끔하고 재 방문의사 백프로에요^^ 직원분들도 넘 친절하네요! 또 갈거에요!,2018-12-01
696,전익현,50,"바람이 세차게 부는 날.
칼바람과 고된 업무에 녹초가 되었던 날.
무심코 찾은 신라스테이.
만 신창이 손님도 솔찬히 기분좋게 받아주시는
직원분들의 멋진 모습에 수차례 밀려오는 미안함과 내 자신의 성찰이.
뿐만 아니라 좋은 room condition 덕분에
내 상태는 feel first class condition.
정말 감사했습니다.
추천x100 and 칭찬x100 입니다 = ㅊㅊx200
그럼 200 00",2018-12-01
697,정영권,50,"호텔에 들어가는순간부터 프론트분들의 친철함에 기분이 좋았는데 방에 들어가는 순간 방안의 청결함에 너무 만족스러웠습니다😊
위치도 서대문역 바로 앞이라 여행자 숙소로는 최고라 생각이 드네요 잘 쉬다 갑니다👍🏻",2018-12-01
698,태산아범,50,"위치도 편하고
직원들도 친절하고
룸 컨디션도 훌륭했다.
다음에 다시 갈일이 있다면 또 다시 신라스테이 서대문에 머물고 싶다.",2018-12-01
699,Wanderer09571110502,50,직원들 서비스도 좋고 방도 깨끗해서 불편함없이 편히 쉬다왔어요!! 뷰도 좋은곳으로 주셔서 완전만족했어요!! 다음에도 이용할게요!!,2018-12-01
700,Jini,50,"남자친구랑 기념일이라 예약해서 방문했어요 :)
직원분들도 너무 친절해서 좋았고 조식도 맛있게 먹었어요~
공항버스도 가까워서 위치도 좋은 것 같아요ㅎㅎ
다음에 또 재방문하고 싶은 곳이에요!",2018-12-01
701,Nabtuk,50,유학 온 중국인 친구가 추천해줬었는데 그 친구 말대로 프론트 직원들이 정말 친절했습니다. 연말이라 부모님 모시고 서울 투어 해드리면서 묵었습니다 지하 1층 점심 뷔페 17000원이라 기대 안했었는데 음식도 깔끔해서 흡족했습니다. 엄마께서는 주변에 모임을 하고 있는 중년 여성들 무리에 부러워하시며 여기서 동창회를 하고 싶다하시는 등 ㅎㅎ 덕분에 아주 즐거운 연말 보내서 기분 좋게 리뷰 남깁니다~,2018-12-01
702,Lee Hyemi,50,놀다들어와서 온몸이 추웠었는데 숙소로 들어가자마자 온몸을 따뜻하게 녹여주는 따뜻함을 느꼈고 역근처여서 찾아가기도 쉬웠어요!! 쾌적은 물론 가성비짱짱!! 다음날 조식까지 맛있게 먹고 나왔습니다ㅎㅎ 그리고 프론트 직원들이 너무너무 친절해서 기분좋은 휴식을 보낼 수 있었습니다ㅎㅎ,2018-12-01
703,soribee,50,"호텔에 들어서는 순간부터 기분이 좋았습니다.
깔끔하고 쾌적한 시설과 서대문역 바로 앞에 위치해 교통이 너무 편리합니다.
직원분들도 너무 친절하시고 불편함 없이 편안하게 즐기고 갑니다.
그 외에 서비스, 위치, 어메니티, 가성비는 최고였다고 생각합니다.",2018-12-01
704,MIJIN YU,50,"서대문역에서 멀지않아서 찾기 쉬웠고 체크인도 빠르고 친철하게 해주셨어요.
엄마랑 가서 혹시 맘에 안드시면 어쩌지,,,고민했는데, 완전 맘에 들어하셨어요!!
방도 깔끔하고, 필요한것도 다 있고, 뷰도 좋아서 만족하고 갑니다.
가격도 합리적이기 때문에 다른 분들께도 추천입니다~!",2018-12-01
705,Choi,50,"남자친구랑 데이트하고 하루 숙박 했는데
숙소가 깔끔하고 쾌적해서 포근하게 잘 잤어요!
무엇보다도 합리적인 가격까지..!!
다음에 서울 갈 일 있으면 신라스테이에서 또 머물고 싶네요~~~",2018-12-01
706,Nari,50,디럭스 더블룸에 욕조 있는 방이 남아 있는 곳이 없어서 업그레이드도 해 주시고 최고층으로 주셔서 뷰도 매우 좋네요 감사합니다! 방 시설도 깔끔하고 있을거 다 있어서 만족스럽습니다. 가격도 저렴한 편에 속하고 이 정도면 정말 가성비 갑입니다.,2018-12-01
707,JinBinLee,50,"먼저 서대문역에서 가까워서 좋았고
체크인도 빨리해주셔서 편하게 놀다갑니다.
지하1층 조식도 메뉴도 충분하고 잘 먹습니다

다음에 또 방문예정입니다.",2018-12-01
708,Chul Woong C,50,합리적인가격으로 높은 만족을 얻을수 있는곳은 우리나라에서 신라스테이가 독보적이죠. 이번에도 잠시 출장차 들렀는데 대만족하고 갑니다. 계속 유지해주세요~,2018-11-01
709,Passenger59457117092,50,친구들이랑 다같이 놀러 다녀왔는데 시설도 깨끗하고 너무 잘 쉬다왔습니다~ 직원분들도 친절하고 편했어요! 다음에 또 방문할 예정입니다!,2018-11-01
710,깡다맘,40,"요즘 신라스테이 점심 뷔페를 17000원에 즐길 수 있어서 엄마들의 모임의 성지로 떠오르고 있다.우리도 동창모임을 이곳에서~
음식의 가짓수가 많은 것은 아니지만 군더더기없이 깔끔한 음식이 대부분이며 역시 호텔 커피라서인지 수준이 높은편이다.12시부터 2시까지 이용 가능하여 시간도 충분하다.서대문역 바로 옆이라 교통도 편하다.쌀국수도 맛있고 한식 밑반찬도 맛깔난다~계산할때는 포인트 적립도 가능하다~",2018-11-01
711,Cruiser53528218317,50,호텔까지 갈 수 있게 편한 교통시설과 프론트 직원분들이 되게 친절하세요. 제가 쫌 많이 궁금한게 많아서 질문을 드렸는데 하나하나 차근차근 설명 햐주셔서 꽤 감동받았어요. 호텔도 나름 깔끔하고 가족과 즐길 수 있게 설계된 느낌도 들었어요. 추천드려요,2018-11-01
712,Getaway32403213390,50,친구랑 신라스테이 서대문을 방문하게 되었는데 호텔 시설도 깨끗하고 깔끔하며 너무나도 편안해서 마음에 들었어요! 직원들도 친절하네요!! 다음에 또 방문하고싶어요:) 이대 신촌이랑 가까워서 더 좋아요~♡,2018-11-01
713,Trip43589657947,50,"신라스테이 서대문 호텔에 친구랑 방문했었는데.... 기억에 남아서 리류를 남겨요
룸도 깨끗하고 시설도 좋고 전개인적으로 넘 만족스러웠어요~
직원들도 친절하고 담에 또 가고 싶은 곳이네요~",2018-11-01
714,LusiyanWhite,50,"연세대에 있는 학회 참여를 위해 숙소로 결정했는데, 매우 좋습니다.
연세대까지 바로 오가는 버스편이 3~4편 정도 있으며 간격도 적당합니다.
숙소의 시설도 좋은 편(다른 신라스테이 계열과 동일한 구성)이며, 직원 또한 매우 친절합니다.",2018-11-01
715,hibrugge,50,서대문 역이랑 가까워 교통이 편리합니다. 저희 집과도 가깝습니다.ㅎㅎ 친구들과 맛있는거 먹으며 조용히 하루 지낼 곳을 찾다가 예약했는데 탁월한 선택이었네요~ 프론트 직원도 친절하고 시설 모두 만족스럽습니다. 나중에 또 이용하고 싶어요~ 아 조식도 괜찮아요~,2018-09-01
716,Departure821049,50,"위치가 서대문 역 바로 앞이있어서 찾기가 일단 쉬웠어요! 편의점도 가까워서 좋았네요~~ ㅎㅎ 객실도 디럭스 사거리뷰로 업그레이드로 해주셔서 감사했습니다~~
프론트 직원분들 친절히 응해주셔서 감사합니다!",2018-10-01
717,Hunkim seoul,50,"가격 대비 매우 만족스러운 스테이였습니다. 비지니스 호텔 답게 방 크기 작은건 어쩔수 없으나 미니멀한 인테리어와 넓은 욕조, 아베다 어메니티 까지 매우 만족스러운 스테이였습니다(가격 대비, 20만원 넘는 그런 호텔들과는 비교 불가죠)",2018-09-01
718,장두현,20,위치는 환상적이나 시설은 영 별로다. 좁고 개성도 없고 아늑함이나 포근함도 찾아볼 수 없는 그저 그런 공간이었다. 다신 찾고 싶지 않다.,2017-11-01
719,CHAEEUN S,50,두달 전에 일본인 친구들 데리고 왔었는데 친구들이 직원분들도 친절한데다 위치가 지하철역 바로 앞에 있어서 여기저기 돌아다니기도 좋았다고 하네요. 한국 자주 오는 친구들이라 다음 번에도 신라스테이 이용해볼까 합니다.,2018-07-01
720,Global817687,50,위치가 좋아서 서대문을 예약했는데 너무 만족했습니다. 직원분들이 설명도 잘해주시고 객실도 깔끔하고 특히 북악산이 보이는 뷰가 너무 좋았습니다 아쉬운 점은 욕조객실을 사전에 예약안해서 늦게가니 없다고 하시더라구요..다음에 갈땐 미리 예약하고 가야겠습니다. 너무 만족하고 갑니다~~,2018-09-01
721,Gilbert p,50,"기본적인 서비스는 잘되어있는듯
시설도 깔끔하고 오성급 호텔은 아니지만 괜찮네요. 로비 직원들도 물어보는거 친절히 응대하네요. 요즘은 서비스 교육 잘하나보네요~병원때문에 지방에서 왔는데 종종 이용하겠음. 숙박 잘했어요",2018-09-01
722,VRJP0930,30,"신라스테이는 다 다른 지점으로 해서 세번째 이용하였는데, 로비부터 객실까지 똑같이 생겼음. 어매니티도 좋고 1박하기엔 편하고 좋았지만 단 한가지, 어딜 가든 샤워하고 나면 화장실 바닥으로 물이 많이 튀어서 발 매트가 다 젖는 다는 점이 아쉽습니다. 욕조가 있어도 뭔가 구조상 바닥으로 물이 튀게끔 되어서 아무리 조심해도 바닥으로 물이 다 흐르더라구요.",2017-10-01
723,jooungpark,50,"전반적으로 쾌적한 실내조성으로 만족스러운 숙박을 하였습니다.
다만 객실 내 온도 조절이 잘 되지 않아 살짝 더웠던 느낌이 있습니다.",2018-07-01
724,airlie,30,"에어컨 냄새인지 냄새가 좀 납니다.
위치는 광화문과 가깝고 강북쪽에서는 꽤 좋습니다. 위치는 유일하게 바로 옆에 편의점이 없다는 것 정도만 아쉽습니다.

주차장은 협소하지만, 차량 엘리베이터로 직접 주차할 수 있는 부분은 좋습니다.
점심 프로모션이 없어 아쉽지만, 저녁에 피자+맥주 이벤트가 저렴하고 좋았습니다.

냄새 개선만 좀 되면 좋겠네요",2018-07-01
725,dlfkd1220,30,"일반스탠다드와 디럭스 차이 무엇?
왜 욕실용 슬리퍼가 따로 없는지.
샤워부스 물빠짐 답답
티비 채널 너무 한정적
냉장고 정말 할말 없음 냉각이 되기는 한건지
너무 좁음
쇼파에 쿠션은 몇년간 안 빤거 같고 너무 꼬질꼬질",2018-07-01
726,kmj980426,50,서울 호텔 이용은 처음인데 가격에 비해 서비스가 매우 좋고 근처에 편의시설도 가까워서 매우 만족했습니다 다음에 또 투숙할 의향이 있고 직원분들이 너무 친절하셔서 너무 좋았습니다,2018-07-01
727,기웅 박,50,"세브란스 병원 방문때문에 지방에서 올라왔음.
지하철역이 바로 앞이라 교통은 편리했음.
서울역에서 쉽게 접근 할수 있음.
객실은 작지만 깔끔하고 있을거 다있네요. 가습기, 공기청정기도 여분이 있어 부탁드림.
직원 서비스은 좋음. 교육을 자주 하나봅니다. 뭐 신라호텔계열이니 이건 기본으로 깔고가죠~
프론트 직원과 카페 직원들의 서비스가 매우 좋았음.",2018-06-01
728,Drake G,10,"뷰가 상당히 좋지만
사람이 편하게 지내기에는
부적합했습니다.
공용난방으로 유지되기 때문에
방 개별로 온도 조절이 불가능 합니다.
덕분에 저와 일행 모두 감기에 걸렸습니다.
방 온도에 예민한 분들에게는 이숙소는
추천하지 않습니다.",2018-03-01
729,bigheadfiler,40,"중앙난방이라 실내온도가
원하는 대로 조절이 안됩니다.
모든 시설은 전반적으로 좋았으나,
춥게 자서 아쉽습니다.

개선이 시급할 것 같습니다.",2018-04-01
